"id","name","diffTE","p"
"C00148","L-Proline",-0.00188847788674284,0.279
"C01026","N,N-Dimethylglycine",-0.000461277311594878,0.48
"C00101","Tetrahydrofolate",-0.00317659087803196,0.376
"C02567","N1-Acetylspermine",-0.00102861094468773,0.417
"C00612","N1-Acetylspermidine",-0.00098309760036361,0.406
"C00167","UDP-glucuronate",0.0110163431373069,0.772
"C00468","Estrone",0.00115047753219668,0.616
"C00486","Bilirubin",0.000397353757283897,0.661
"C00523","Androsterone",0.0304055814373592,0.991
"C00535","Testosterone",0.00926512165144239,0.889
"C00777","Retinoate",0.00736044179244254,0.808
"C00951","Estradiol-17beta",0.0016078382251309,0.669
"C04373","Etiocholanolone",0.00110887623611607,0.926
"C05299","2-Methoxyestrone",0.000275617867054042,0.589
"C05302","2-Methoxy-17beta-estradiol",0.000747415092713828,0.661
"C05141","Estriol",0.0025359160751952,0.774
"C07490","Trichloroethanol",-0.00023743777447135,0.529
"C11173","SN-38",-0.0014709048357917,0.455
"C06174","Codeine",-0.00132359624114053,0.42
"C01516","Morphine",0.00038470468498406,0.606
"C19574","4-(Methylnitrosamino)-1-(3-pyridyl)-1-butanol",0.000361128389805837,0.572
"C00519","Hypotaurine",-0.00286345872473808,0.239
"C00206","dADP",-0.00109430783008015,0.431
"C00361","dGDP",-0.00244362716507746,0.289
"C00363","dTDP",-0.00171372376810564,0.374
"C00705","dCDP",-0.00241506135522217,0.343
"C01346","dUDP",-0.00124542937591313,0.445
"C01344","dIDP",-0.00197233581789647,0.381
"C21748","5-Fluorouridine diphosphate",-0.00367643287996985,0.317
"C21750","5-Fluorodeoxyuridine diphosphate",-0.00228890318570638,0.424
"C22442","dZDP",-0.0157601981622508,0.101
"C00051","Glutathione",-0.00894129663311091,0.327
"C05356","5(S)-HPETE",0.0117334608427277,0.956
"C05966","15(S)-HPETE",0.00906235024635091,0.992
"C00437","N-Acetylornithine",-0.00104702811107572,0.062
"C05727","S-Substituted N-acetyl-L-cysteine",-0.000139741909098858,0.472
"C04475","1-Alkyl-2-acylglycerophosphoethanolamine",-0.000382008042104892,0.296
"C00091","Succinyl-CoA",0.00167454060591317,0.763
"C00164","Acetoacetate",0.00128958732247194,0.738
"C00085","D-Fructose 6-phosphate",-0.00201594669057048,0.294
"C00118","D-Glyceraldehyde 3-phosphate",-0.00231568739899143,0.327
"C05382","Sedoheptulose 7-phosphate",-0.00213730295451735,0.363
"C05345","beta-D-Fructose 6-phosphate",-0.00185536906172676,0.35
"C12214","Aminofructose 6-phosphate",-0.00172439883757431,0.311
"C00117","D-Ribose 5-phosphate",-0.0033366349771345,0.286
"C00049","L-Aspartate",-0.00657862583725472,0.057
"C00026","2-Oxoglutarate",-0.0116210147890623,0.19
"C00079","L-Phenylalanine",-0.00186211760176411,0.384
"C00082","L-Tyrosine",-0.00341008766229075,0.377
"C00097","L-Cysteine",-0.00371203861593813,0.272
"C00506","L-Cysteate",-0.00560544527569018,0.074
"C00606","3-Sulfino-L-alanine",-0.00534721952249542,0.122
"C05947","L-erythro-4-Hydroxyglutamate",-0.00145641201763753,0.361
"C00186","(S)-Lactate",-0.000260364522403076,0.189
"C05984","2-Hydroxybutanoic acid",-0.000401900749301641,0.206
"C05823","3-Mercaptolactate",-0.000269316650698695,0.279
"C00346","Ethanolamine phosphate",-0.000849609843120234,0.439
"C00588","Choline phosphate",0.0034411728211776,0.879
"C00459","dTTP",-0.00125588350689748,0.434
"C14786","(1R,2S)-Naphthalene 1,2-oxide",-0.000990152607261065,0.482
"C14787","(1S,2R)-Naphthalene 1,2-oxide",-0.000694377918854413,0.462
"C14802","1-Nitronaphthalene-7,8-oxide",0.000215562227550255,0.578
"C14800","1-Nitronaphthalene-5,6-oxide",-0.000267566322879525,0.482
"C14839","Bromobenzene-3,4-oxide",-0.000273990531391711,0.527
"C14840","Bromobenzene-2,3-oxide",-0.000338368801621216,0.486
"C14851","Benzo[a]pyrene-4,5-oxide",-0.00634443389216069,0.146
"C14852","Benzo[a]pyrene-7,8-dihydrodiol",-0.00390050328775092,0.309
"C14858","2,2-Dichloroacetaldehyde",0.00071302923174906,0.659
"C14857","1,1-Dichloroethylene epoxide",-0.000156027245860812,0.525
"C14859","Chloroacetyl chloride",-2.89375590412663e-05,0.55
"C14865","2-(S-Glutathionyl)acetyl chloride",-0.000775111778566012,0.402
"C06790","Trichloroethene",-0.00109617609819562,0.266
"C11088","1,2-Dibromoethane",-0.000541420151353374,0.468
"C14870","2-Bromoacetaldehyde",-0.000820538275067258,0.462
"C07645","Aldophosphamide",-0.00335340626710219,0.388
"C19586","Aflatoxin B1-exo-8,9-epoxide",-0.00225409121827574,0.378
"C21758","Hepatotoxins",-0.000189310454409863,0.397
"C02076","Sedoheptulose",-0.000569255372568675,0.461
"C00084","Acetaldehyde",-0.000658328618786919,0.458
"C05665","3-Aminopropanal",-0.00144983057562837,0.236
"C00601","Phenylacetaldehyde",0.000113433847753196,0.604
"C03765","4-Hydroxyphenylacetaldehyde",-0.000186740406113234,0.551
"C04043","3,4-Dihydroxyphenylacetaldehyde",9.28811836055712e-07,0.578
"C05577","3,4-Dihydroxymandelaldehyde",-0.00223733646668011,0.45
"C05581","3-Methoxy-4-hydroxyphenylacetaldehyde",-0.000383426215577624,0.539
"C05583","3-Methoxy-4-hydroxyphenylglycolaldehyde",-0.00378323477622885,0.293
"C05827","Methylimidazole acetaldehyde",0.000435495004473649,0.612
"C06899","Chloral hydrate",-0.000486639985753158,0.493
"C06241","N-Acetylneuraminate 9-phosphate",-0.00140098380708331,0.36
"C15522","4a-Hydroxytetrahydrobiopterin",-0.00369601608618655,0.235
"C00269","CDP-diacylglycerol",0.00127336544164021,0.971
"C00093","sn-Glycerol 3-phosphate",0.00116066078420495,0.699
"C00449","N6-(L-1,3-Dicarboxypropyl)-L-lysine",-0.00224116203026624,0.341
"C00053","3'-Phosphoadenylyl sulfate",-0.000239813503949592,0.55
"C15584","Phenol",-2.03778031025497e-05,0.541
"C01132","N-Acetyl-D-galactosamine",-6.96995679714075e-05,0.569
"C21858","N-(4-Oxoglutaryl)-L-cysteinylglycine",-0.00100842810751557,0.325
"C04409","2-Amino-3-carboxymuconate semialdehyde",-0.00302189423409126,0.384
"C00631","2-Phospho-D-glycerate",-0.000938922933781062,0.3
"C04635","1-(1-Alkenyl)-sn-glycero-3-phosphoethanolamine",0.000142759418101613,0.578
"C00083","Malonyl-CoA",-0.000247287457520002,0.447
"C00040","Acyl-CoA",0.00928659969536266,1
"C01185","Nicotinate D-ribonucleotide",-0.0042875592975073,0.278
"C04637","1-Phosphatidyl-D-myo-inositol 4,5-bisphosphate",6.43066071476326e-06,0.561
"C05981","Phosphatidylinositol-3,4,5-trisphosphate",-3.43342086891719e-05,0.504
"C00129","Isopentenyl diphosphate",0.000667949460511002,0.603
"C00681","1-Acyl-sn-glycerol 3-phosphate",0.00157252736120747,0.939
"C00135","L-Histidine",2.4527871796156e-05,0.555
"C00032","Heme",0.000266322109769703,0.612
"C00448","trans,trans-Farnesyl diphosphate",0.00098785747834057,0.634
"C00829","Naphthalene",-0.000428098546480476,0.474
"C04598","2-Acetyl-1-alkyl-sn-glycero-3-phosphocholine",0.00135716520771146,0.85
"C00140","N-Acetyl-D-glucosamine",-0.000821632977656979,0.435
"C00621","Dolichyl diphosphate",-0.000156059635223387,0.359
"C00364","dTMP",-0.00300842670858443,0.363
"C00239","dCMP",-0.0024328197805706,0.394
"C00362","dGMP",-0.00173523501021539,0.331
"C00360","dAMP",-0.000774373150316803,0.462
"C00365","dUMP",-0.00306887672218955,0.383
"C00455","Nicotinamide D-ribonucleotide",-0.00119638594813141,0.413
"C00655","Xanthosine 5'-phosphate",-0.00271641171739053,0.168
"C06196","2'-Deoxyinosine 5'-phosphate",-0.00213763343813022,0.417
"C00219","Arachidonate",0.097984891517607,1
"C00227","Acetyl phosphate",-0.000104393781948489,0.545
"C00236","3-Phospho-D-glyceroyl phosphate",-0.000700809758105918,0.415
"C02999","N-Acetylmuramoyl-Ala",-0.00104537324950538,0.436
"C01019","L-Fucose",-0.00305708866040932,0.302
"C01181","4-Trimethylammoniobutanoate",-0.000351814885080493,0.442
"C00257","D-Gluconic acid",-0.000420391192452204,0.539
"C00246","Butanoic acid",1.91068194670226e-05,0.596
"C00483","Tyramine",-0.000602349237083181,0.456
"C01888","Aminoacetone",-3.14085983203521e-05,0.515
"C05332","Phenethylamine",0.000170484400593167,0.604
"C00986","1,3-Diaminopropane",-0.000410785329761239,0.236
"C03758","Dopamine",-0.00183160793351207,0.462
"C00218","Methylamine",-0.00168065956222507,0.382
"C01672","Cadaverine",-0.00230704437673334,0.304
"C04352","(R)-4'-Phosphopantothenoyl-L-cysteine",-0.003783668976119,0.354
"C00181","D-Xylose",-0.00117300863921436,0.446
"C06205","1,2-Dihydronaphthalene-1,2-diol",-0.0007497073552795,0.504
"C00416","Phosphatidate",0.00548325628382268,1
"C15492","all-trans-13,14-Dihydroretinol",-5.69100913141863e-05,0.563
"C16217","3-Hydroxyoctadecanoyl-CoA",-0.000160509605634601,0.493
"C00029","UDP-glucose",0.0004772821039671,0.634
"C00110","Dolichyl phosphate",-0.00073439828340423,0.359
"C16741","L-Hydroxylysine",-0.000182631592316811,0.513
"C03033","beta-D-Glucuronoside",0.000323881109835608,0.644
"C05787","Bilirubin beta-diglucuronide",-0.00020224408740292,0.551
"C04900","Luteolin 7-O-[beta-D-glucuronosyl-(1->2)-beta-D-glucuronide]-4'-O-beta-D-glucuronide",-0.000216053513028727,0.458
"C11376","SN38 glucuronide",-0.0017776991339847,0.363
"C01277","1-Phosphatidyl-1D-myo-inositol 4-phosphate",-0.000757546433199047,0.295
"C03680","4-Imidazolone-5-propanoate",-2.35888407614207e-05,0.555
"C20908","Dermatan 4-sulfate",1.93934798002392e-05,0.566
"C00634","Chondroitin 4-sulfate",1.9393479800126e-05,0.566
"C05977","2-Acyl-1-alkyl-sn-glycero-3-phosphate",5.69618086261633e-05,0.737
"C01120","Sphinganine 1-phosphate",-0.00126438077197408,0.449
"C06124","Sphingosine 1-phosphate",0.000142313939819565,0.573
"C02960","Ceramide 1-phosphate",0.000288616589552178,0.872
"C02282","Glutaminyl-tRNA",-0.00039181499095172,0.188
"C00025","L-Glutamate",-0.0221227025632893,0.048
"C00137","myo-Inositol",-0.00139245186991741,0.349
"C02165","Leukotriene B4",0.00416656479821585,0.957
"C01190","Glucosylceramide",0.000298966056081294,0.685
"C00052","UDP-alpha-D-galactose",-4.66717873731128e-07,0.554
"C06001","(S)-3-Hydroxyisobutyrate",0.000144600510297161,0.705
"C00422","Triacylglycerol",0.0012076072955105,0.916
"C00641","1,2-Diacyl-sn-glycerol",0.0070160439754624,0.954
"C00310","D-Xylulose",-0.000399333613229154,0.461
"C00157","Phosphatidylcholine",0.0704592924102182,1
"C00350","Phosphatidylethanolamine",0.00345796366057052,0.935
"C04756","O-1-Alk-1-enyl-2-acyl-sn-glycero-3-phosphoethanolamine",2.46377536863964e-05,0.556
"C05212","1-Radyl-2-acyl-sn-glycero-3-phosphocholine",0.0018219034003451,0.932
"C00022","Pyruvate",-0.0088830248819899,0.189
"C00068","Thiamin diphosphate",-0.00346224311051543,0.431
"C05125","2-(alpha-Hydroxyethyl)thiamine diphosphate",-0.000389117348943382,0.489
"C00154","Palmitoyl-CoA",-0.00581603492005636,0.222
"C01083","alpha,alpha-Trehalose",-0.000547012200375826,0.414
"C00352","D-Glucosamine 6-phosphate",-0.00113830949425665,0.363
"C00427","Prostaglandin H2",0.0127628018358719,0.888
"C02642","3-Ureidopropionate",0.000222317517298836,0.614
"C21029","(R)-3-Ureidoisobutyrate",9.95169451935983e-05,0.585
"C16631","alpha-Fluoro-beta-ureidopropionic acid",-0.000477667045141808,0.481
"C00189","Ethanolamine",3.16058662083807e-05,0.556
"C00357","N-Acetyl-D-glucosamine 6-phosphate",-0.00126526762279199,0.369
"C00043","UDP-N-acetyl-alpha-D-glucosamine",-0.00178256586121142,0.292
"C00645","N-Acetyl-D-mannosamine",-0.00115915991172953,0.391
"C02170","Methylmalonate",0.000350794094476658,0.655
"C00383","Malonate",-3.50323898153033e-05,0.447
"C16634","5-Fluorouridine monophosphate",-0.00634977273637264,0.106
"C04242","5-Fluorodeoxyuridine monophosphate",-0.00204747446161292,0.425
"C05223","Dodecanoyl-[acyl-carrier protein]",-0.000136466285864247,0.442
"C18126","1-Acyl-sn-glycero-3-phosphoglycerol",0.000245189154634164,1
"C00630","2-Methylpropanoyl-CoA",2.42299559039319e-05,0.705
"C00356","(S)-3-Hydroxy-3-methylglutaryl-CoA",0.00337522331168827,0.859
"C04517","1-(1-Alkenyl)-sn-glycero-3-phosphocholine",0.000710038324150558,0.875
"C00037","Glycine",-0.00712992666132409,0.13
"C03479","Folinic acid",-0.00103695725013721,0.365
"C00381","Dolichol",-0.000244320368255772,0.359
"C05452","3alpha,7alpha-Dihydroxy-5beta-cholestane",-0.000560820695581313,0.515
"C05454","3alpha,7alpha,12alpha-Trihydroxy-5beta-cholestane",-0.000119784792424377,0.567
"C05470","Tetrahydrocortisone",-0.000190291593752128,0.539
"C05469","17alpha,21-Dihydroxy-5beta-pregnane-3,11,20-trione",-0.000199041383936737,0.535
"C05472","Urocortisol",7.02163124590037e-05,0.57
"C05474","3alpha,11beta,21-Trihydroxy-20-oxo-5beta-pregnan-18-al",6.2672358221086e-06,0.564
"C05480","Pregnanolone",0.000453130749841706,0.665
"C03917","Dihydrotestosterone",0.00810862863295446,0.926
"C00473","Retinol",0.00227972105987332,0.721
"C00024","Acetyl-CoA",-0.00298473626454036,0.454
"C13747","1,7-Dimethylxanthine",-0.000297711506489632,0.543
"C12673","Tegafur",-0.00140930035452414,0.343
"C06800","Aflatoxin B1",-0.00295555028172246,0.364
"C16453","4-(N-Nitrosomethylamino)-1-(3-pyridyl)-1-butanone",-0.000245072337850859,0.557
"C00412","Stearoyl-CoA",0.000443203628755779,0.647
"C00510","Oleoyl-CoA",-5.16568889624636e-05,0.584
"C02050","Linoleoyl-CoA",0.00251084538863617,0.845
"C16162","(9Z,12Z,15Z)-Octadecatrienoyl-CoA",0.0788613862490084,1
"C16169","(4Z,7Z,10Z,13Z,16Z,19Z)-Docosahexaenoyl-CoA",0.00409666808928358,0.888
"C03035","gamma-Linolenoyl-CoA",0.00167062119791797,0.845
"C03595","8,11,14-Eicosatrienoyl-CoA",0.00234256511887739,0.819
"C02249","Arachidonyl-CoA",0.00621620396967956,0.963
"C02843","Long-chain acyl-CoA",0.00013575630673281,0.804
"C01157","Hydroxyproline",-0.00140359970754837,0.384
"C00031","D-Glucose",-0.00111104647916134,0.521
"C02588","Retinyl palmitate",-0.00106083350968555,0.407
"C00168","Hydroxypyruvate",-0.000953863814642399,0.268
"C03889","Palmitoylphosphatidylcholine",0.000891618557890936,0.923
"C00899","11-cis-Retinol",0.0021679201861058,0.966
"C02291","L-Cystathionine",-0.00175369065236274,0.247
"C00328","L-Kynurenine",-0.00296482211765961,0.293
"C00491","L-Cystine",-0.00359624422124693,0.138
"C03227","3-Hydroxy-L-kynurenine",-0.00354724054451996,0.253
"C05699","L-Selenocystathionine",-0.00293525355348025,0.218
"C05689","Se-Methyl-L-selenocysteine",-0.00506558045769121,0.19
"C01180","4-Methylthio-2-oxobutanoic acid",-0.00170927258968694,0.17
"C02882","L-Cysteine-S-conjugate",-0.000260364522403076,0.189
"C00116","Glycerol",0.000735424874126429,0.673
"C01089","(R)-3-Hydroxybutanoate",0.000219229844820296,0.738
"C02939","3-Methylbutanoyl-CoA",0.0144351457596792,0.952
"C03069","3-Methylcrotonyl-CoA",0.0205844665916718,0.921
"C00267","alpha-D-Glucose",-0.000618595884081217,0.481
"C00221","beta-D-Glucose",-0.000267203312228936,0.552
"C00329","D-Glucosamine",-0.000337182918491932,0.486
"C00550","Sphingomyelin",0.00500676546484529,0.983
"C05726","S-Substituted L-cysteine",-0.000197772626077714,0.239
"C03028","Thiamin triphosphate",-0.000326989627104142,0.431
"C00311","Isocitrate",-0.0021827345614598,0.302
"C01220","1D-myo-Inositol 1,4-bisphosphate",-0.00433887656423142,0.104
"C01243","1D-myo-Inositol 1,3,4-trisphosphate",-0.000503031741803192,0.384
"C00307","CDP-choline",0.00464496786485108,0.919
"C03820","1-Alkyl-2-acetyl-sn-glycerol",0.00023071808531096,0.85
"C05674","CMP-N-trimethyl-2-aminoethylphosphonate",0.000397484077125915,0.665
"C03201","1-Alkyl-2-acylglycerol",0.000268055570005724,0.737
"C00074","Phosphoenolpyruvate",-0.00334804411350592,0.252
"C00275","D-Mannose 6-phosphate",-0.00109291596990804,0.329
"C00669","gamma-L-Glutamyl-L-cysteine",-0.00188603689512751,0.213
"C21015","gamma-L-Glutamyl-L-2-aminobutyrate",-0.000988604627348451,0.38
"C05108","14-Demethyllanosterol",0.00150650487522595,0.619
"C05103","4alpha-Methylzymosterol",0.00241284189474264,0.683
"C03150","Nicotinamide-beta-riboside",-0.000902786320382805,0.453
"C03492","D-4'-Phosphopantothenate",-0.00239953294079365,0.358
"C00100","Propanoyl-CoA",0.00918226820133542,0.846
"C00136","Butanoyl-CoA",6.74358334127039e-05,0.596
"C01944","Octanoyl-CoA",0.000229411497348489,0.665
"C01832","Lauroyl-CoA",-0.000183791199463919,0.505
"C02593","Tetradecanoyl-CoA",-0.000116752032245983,0.338
"C05337","Chenodeoxycholoyl-CoA",-0.000514699653874179,0.517
"C05274","Decanoyl-CoA",-0.000580080122180874,0.446
"C05270","Hexanoyl-CoA",-0.000472866793534313,0.51
"C00354","D-Fructose 1,6-bisphosphate",-0.000521880476529076,0.331
"C05378","beta-D-Fructose 1,6-bisphosphate",-0.000420456377314021,0.349
"C00447","Sedoheptulose 1,7-bisphosphate",-0.000939767686826004,0.348
"C01094","D-Fructose 1-phosphate",-0.000288903347433382,0.408
"C00345","6-Phospho-D-gluconate",-0.00119602337551391,0.471
"C01245","D-myo-Inositol 1,4,5-trisphosphate",-0.00179325290626488,0.243
"C01272","1D-myo-Inositol 1,3,4,5-tetrakisphosphate",-0.000822963906093133,0.392
"C03793","N6,N6,N6-Trimethyl-L-lysine",-0.000360445741534444,0.506
"C00149","(S)-Malate",0.000515750000618048,0.676
"C11537","(2R)-3-Sulfolactate",-0.000684910054967727,0.071
"C00121","D-Ribose",-0.000354517466320477,0.286
"C00673","2-Deoxy-D-ribose 5-phosphate",-0.00151214297492413,0.295
"C01204","Phytic acid",-0.000168013482087749,0.529
"C00199","D-Ribulose 5-phosphate",-0.000878463486124179,0.381
"C12126","Dihydroceramide",0.000783647727286845,0.766
"C03366","5-Phosphooxy-L-lysine",-0.000429721393686931,0.513
"C00195","N-Acylsphingosine",0.00305594035996474,0.872
"C00065","L-Serine",-0.0042131667796435,0.189
"C00188","L-Threonine",-0.00058825164898573,0.398
"C01031","S-Formylglutathione",-0.000248340767919361,0.53
"C00831","Pantetheine",-0.0028704735051953,0.386
"C00864","Pantothenate",-0.00223297814242327,0.386
"C04079","N-((R)-Pantothenoyl)-L-cysteine",-0.00142648489455485,0.328
"C00224","Adenylyl sulfate",-1.07284988609812e-05,0.55
"C00155","L-Homocysteine",-0.000810271068254799,0.306
"C03824","2-Aminomuconate semialdehyde",-0.00394866492852611,0.375
"C00300","Creatine",-0.00720247710081029,0.179
"C18125","1-Acyl-sn-glycero-3-phosphoserine",0.000687145866877717,1
"C01189","Lathosterol",9.78968137284111e-05,0.59
"C05437","Zymosterol",-0.000354532797563504,0.531
"C15776","4alpha-Methylfecosterol",-0.000394091592114492,0.453
"C00160","Glycolate",-0.000608662212155651,0.448
"C00258","D-Glycerate",-0.000428326644688572,0.469
"C00937","(R)-Lactaldehyde",-3.14085983203521e-05,0.515
"C00268","Dihydrobiopterin",-0.002109332573346,0.351
"C01103","Orotidine 5'-phosphate",-0.000548652323990974,0.495
"C07649","5-FU",-0.00611243104082757,0.228
"C00119","5-Phospho-alpha-D-ribose 1-diphosphate",-0.00812256988069467,0.165
"C01107","(R)-5-Phosphomevalonate",-0.000562416657518914,0.489
"C00475","Cytidine",-0.00110666730238124,0.382
"C00881","Deoxycytidine",-0.000867031470684434,0.455
"C16635","5'-Deoxy-5-fluorocytidine",-0.000939331315276307,0.457
"C20905","2-Iminobutanoate",-0.000401900749301641,0.206
"C20904","2-Iminopropanoate",-0.000260364522403076,0.189
"C01885","1-Acylglycerol",0.00112631621550074,0.897
"C00605","2,3-Dehydroacyl-CoA",0.000425974098510154,0.954
"C00213","Sarcosine",-0.000947411702049441,0.285
"C00103","D-Glucose 1-phosphate",-0.000535642814248609,0.393
"C00620","alpha-D-Ribose 1-phosphate",-0.00790000380729153,0.166
"C00672","2-Deoxy-D-ribose 1-phosphate",-0.00286312671110058,0.321
"C00187","Cholesterol",0.00020120145731187,0.57
"C15610","Cholest-5-ene-3beta,26-diol",0.000231199761303174,0.62
"C01227","Dehydroepiandrosterone",0.00155788048085284,0.774
"C16218","(2E)-Octadecenoyl-CoA",5.73577790860906e-05,0.612
"C00658","trans-2,3-Dehydroacyl-CoA",0.000700058841475221,0.995
"C00513","CDP-glycerol",0.000140937380939134,0.699
"C00301","ADP-ribose",-0.000555017559797122,0.286
"C00379","Xylitol",-0.000756214881721509,0.508
"C00800","L-Gulonate",-0.000266246009222931,0.458
"C01137","S-Adenosylmethioninamine",-0.00272661804016136,0.317
"C00134","Putrescine",-0.00627282067037881,0.096
"C04675","3-Hydroxy-3-(4-methylpent-3-en-1-yl)glutaryl-CoA",-0.000852072374105941,0.396
"C00401","Chondroitin",3.57173419159817e-05,0.571
"C05455","7alpha-Hydroxycholest-4-en-3-one",-0.00206196974936318,0.347
"C04520","1D-myo-Inositol 3,4,5,6-tetrakisphosphate",-0.000141938336502963,0.381
"C00469","Ethanol",-0.000111915865193744,0.458
"C05576","3,4-Dihydroxyphenylethyleneglycol",-0.000191020004028764,0.581
"C00388","Histamine",0.000621941376295806,0.588
"C00398","Tryptamine",-0.00233959580653373,0.358
"C05127","N-Methylhistamine",0.00036130210018527,0.605
"C00234","10-Formyltetrahydrofolate",-0.00195393939489701,0.245
"C01490","Dermatan",3.57173419160073e-05,0.571
"C22441","dZMP",-0.00855173031801122,0.164
"C00299","Uridine",-0.00216296178310945,0.38
"C00526","Deoxyuridine",-0.00137693799780043,0.441
"C11508","4alpha-Methyl-5alpha-ergosta-8,14,24(28)-trien-3beta-ol",-0.000592296481090105,0.453
"C00096","GDP-mannose",-0.00321228803064133,0.32
"C11556","1-Phosphatidyl-1D-myo-inositol 3,5-bisphosphate",4.70214644351661e-05,0.662
"C04441","Peptide 2-(3-carboxy-3-aminopropyl)-L-histidine",-6.79416801378967e-05,0.399
"C04063","D-myo-Inositol 3,4-bisphosphate",-0.000226879488976044,0.381
"C11554","1-Phosphatidyl-1D-myo-inositol 3,4-bisphosphate",-0.000125037956507937,0.425
"C00718","Amylose",5.07112235464658e-05,0.634
"C01702","Glycogenin",3.3741322907553e-05,0.634
"C03541","THF-polyglutamate",-0.000520450643493652,0.179
"C04308","Phosphatidyl-N-dimethylethanolamine",0.00472075526655172,1
"C01241","Phosphatidyl-N-methylethanolamine",0.00230024789943292,1
"C04230","1-Acyl-sn-glycero-3-phosphocholine",0.00566630969796305,0.952
"C00256","(R)-Lactate",-0.000333876984923259,0.378
"C00376","Retinal",0.00232965151076039,0.716
"C02918","1-Methylnicotinamide",-0.000448861392007207,0.455
"C05634","5-Hydroxyindoleacetaldehyde",-0.000386875744087431,0.529
"C16612","Citalopram aldehyde",-0.000131954808015245,0.556
"C02737","Phosphatidylserine",0.00565884831546387,1
"C18075","11beta,17beta-Dihydroxy-4-androsten-3-one",0.000899714765803719,0.747
"C00143","5,10-Methylenetetrahydrofolate",-0.00227875951730739,0.284
"C00445","5,10-Methenyltetrahydrofolate",-0.00189968587898664,0.362
"C02985","L-Fucose 1-phosphate",-0.00709554668216324,0.246
"C00270","N-Acetylneuraminate",-0.00093477840647592,0.477
"C22382","Aceneuramate",-0.000457421707397048,0.285
"C04902","beta-D-Galactosyl-1,3-(N-acetyl-beta-D-glucosaminyl-1,6)-N-acetyl-D-galactosaminyl-R",-0.000252035975484345,0.292
"C04922","beta-D-Galactosyl-(1->4)-N-acetyl-beta-D-glucosaminyl-(1->3)-beta-D-galactosyl-(1->4)-beta-D-glucosyl-(1<->1)-ceramide",-0.000252104983563268,0.349
"C00487","Carnitine",-0.000435273496319636,0.476
"C02630","2-Hydroxyglutarate",-0.00029579720674261,0.476
"C11174","1-Diphosinositol pentakisphosphate",-2.66752692965186e-06,0.571
"C00214","Thymidine",-0.00131023512283578,0.409
"C11736","5-Fluorodeoxyuridine",-0.00179840706740943,0.376
"C01144","(S)-3-Hydroxybutanoyl-CoA",0.00101426735912679,0.758
"C05668","3-Hydroxypropionyl-CoA",0.0020318680571059,0.761
"C05998","3-Hydroxyisovaleryl-CoA",0.00657884701128761,0.896
"C05262","(S)-3-Hydroxydodecanoyl-CoA",-0.000250934793480802,0.495
"C04405","(2S,3S)-3-Hydroxy-2-methylbutanoyl-CoA",0.000207338021975988,0.68
"C03460","2-Methylprop-2-enoyl-CoA",5.7011660950048e-05,0.705
"C05258","(S)-3-Hydroxyhexadecanoyl-CoA",-0.000381905090024377,0.216
"C05260","(S)-3-Hydroxytetradecanoyl-CoA",-8.96298558499726e-05,0.452
"C05264","(S)-Hydroxydecanoyl-CoA",-0.000138176590638633,0.505
"C05266","(S)-3-Hydroxyoctanoyl-CoA",0.0010874215503143,0.711
"C05268","(S)-Hydroxyhexanoyl-CoA",-0.00054172929358343,0.5
"C00877","Crotonoyl-CoA",0.000613846348334362,0.701
"C00547","L-Noradrenaline",-0.00369828220292247,0.352
"C18902","Methylselenic acid",-0.00741959057572763,0.068
"C01165","L-Glutamate 5-semialdehyde",-0.00256834199330271,0.082
"C03912","(S)-1-Pyrroline-5-carboxylate",-0.000762922650524924,0.184
"C04281","L-1-Pyrroline-3-hydroxy-5-carboxylate",-0.000842708987066748,0.44
"C00984","alpha-D-Galactose",-2.83371193368476e-05,0.455
"C02188","Protein lysine",-0.000514650108321218,0.269
"C00386","Carnosine",-0.000938019622546462,0.431
"C00179","Agmatine",-0.00772807549573092,0
"C00158","Citrate",-0.00117013062090957,0.368
"C01042","N-Acetyl-L-aspartate",-0.0008902239790741,0.347
"C01024","Hydroxymethylbilane",-0.000778325308812264,0.426
"C16633","5-Fluorouridine",-0.0030397968608799,0.192
"C16216","3-Oxostearoyl-CoA",-0.00065254115910422,0.302
"C00638","Long-chain fatty acid",-4.5904224990539e-05,0.512
"C00249","Hexadecanoic acid",-0.000974322012099821,0.408
"C04317","1-Organyl-2-lyso-sn-glycero-3-phosphocholine",0.000540441663369627,0.917
"C04501","N-Acetyl-alpha-D-glucosamine 1-phosphate",-0.000593890741381997,0.346
"C18060","N-Acetyl-alpha-D-galactosamine 1-phosphate",-3.9487483112142e-05,0.57
"C00033","Acetate",0.000196983991495816,0.586
"C05993","Acetyl adenylate",0.00216204234952585,0.877
"C00163","Propanoate",0.0034209273272252,0.908
"C05983","Propionyladenylate",0.0062127871296744,0.92
"C04188","S-Methyl-5-thio-D-ribose 1-phosphate",-0.00702122645050745,0.08
"C04582","S-Methyl-5-thio-D-ribulose 1-phosphate",-0.00396823884053669,0.133
"C00429","5,6-Dihydrouracil",0.00194960122619068,0.746
"C21028","(R)-5,6-Dihydrothymine",0.000226069171816461,0.581
"C16630","5,6-Dihydro-5-fluorouracil",-0.00106893622496896,0.359
"C01194","1-Phosphatidyl-D-myo-inositol",0.000848774507777503,0.771
"C00095","D-Fructose",-0.000857522667209108,0.417
"C00159","D-Mannose",-0.000363592397033843,0.329
"C02336","beta-D-Fructose",-8.41990573949918e-05,0.506
"C00114","Choline",0.00558168541334985,0.97
"C00064","L-Glutamine",-0.0036876705030759,0.188
"C12270","N-Acetylaspartylglutamate",-0.000652290012825963,0.432
"C19561","7-Hydroxymethyl-12-methylbenz[a]anthracene",-0.000268760959119872,0.527
"C21151","Peptide diphthine methyl ester",-0.000159862776795456,0.399
"C15606","1,2-Dihydroxy-5-(methylthio)pent-1-en-3-one",-0.00221396491961965,0.156
"C18237","Molybdoenzyme molybdenum cofactor",0.000349086594710298,0.602
"C00319","Sphingosine",3.84466235561669e-05,0.55
"C00836","Sphinganine",-0.000643824242697706,0.468
"C01081","Thiamin monophosphate",-0.001955605916735,0.359
"C04895","7,8-Dihydroneopterin 3'-triphosphate",-0.000790518113410459,0.534
"C02528","Chenodeoxycholate",8.61930892085442e-05,0.584
"C01794","Choloyl-CoA",-0.00101646769306454,0.451
"C04677","1-(5'-Phosphoribosyl)-5-amino-4-imidazolecarboxamide",-0.00564511540404591,0.186
"C00092","D-Glucose 6-phosphate",-0.000763467844056569,0.385
"C06459","N-Trimethyl-2-aminoethylphosphonate",0.000170175910386255,0.625
"C00458","dCTP",-0.00141923010333391,0.434
"C05688","L-Selenocysteine",-0.00269660998728917,0.148
"C03193","(5-L-Glutamyl)-peptide",-0.0030975777900332,0.18
"C00245","Taurine",-0.0065302413192121,0.132
"C02166","Leukotriene C4",0.00303743157015025,0.86
"C02320","R-S-Glutathione",-0.000805665293778513,0.125
"C02512","3-Cyano-L-alanine",-0.000240608950804792,0.048
"C05670","3-Aminopropiononitrile",-0.000140816582021446,0.506
"C03557","2-Aminoethylphosphonate",-1.94699099993746e-05,0.545
"C02686","Galactosylceramide",0.000297990786961496,0.649
"C00120","Biotin",-0.00375098808814241,0.354
"C00512","Benzoyl-CoA",-0.000201619256861115,0.13
"C00636","D-Mannose 1-phosphate",-0.00114239291895379,0.304
"C12739","5'-Deoxy-5-fluorouridine",-0.00166648984383211,0.363
"C12650","Capecitabine",-0.000917804557400006,0.479
"C16641","Irinotecan",-0.000700717354234543,0.525
"C16543","NPC",-0.00257194338235352,0.357
"C15980","(S)-2-Methylbutanoyl-CoA",5.86308105198584e-05,0.68
"C01935","Maltodextrin",-3.92725577884309e-05,0.521
"C11526","5-PP-InsP5",-5.86857567992564e-05,0.546
"C02514","3-Fumarylpyruvate",-0.00121092215046083,0.287
"C00695","Cholic acid",-0.000430864129571098,0.467
"C04554","3alpha,7alpha-Dihydroxy-5beta-cholestanate",0.000462261796474022,0.631
"C04722","3alpha,7alpha,12alpha-Trihydroxy-5beta-cholestanoate",0.000233080350352907,0.585
"C21072","Palmitoleoyl-CoA",-0.000657830662273096,0.357
"C21172","[Wnt]-L-serine",-0.000108538475378912,0.528
"C03428","Presqualene diphosphate",0.000128029405505516,0.613
"C00544","Homogentisate",-0.000398682340328639,0.456
"C00639","Prostaglandin F2alpha",0.00527787753712711,0.891
"C01449","Queuine",-0.000805178665467485,0.405
"C00320","Thiosulfate",-0.00247839249069747,0.287
"C00957","Mercaptopyruvate",-0.00126737247387667,0.279
"C01674","Chitobiose",-0.00055360424106298,0.468
"C22467","Gangliotriaosylceramide-II3 sulfate",-4.04899332859827e-05,0.573
"C01054","(S)-2,3-Epoxysqualene",-0.000183412750050065,0.543
"C17267","S-Sulfanylglutathione",-0.00106819888761255,0.381
"C16331","OPC6-CoA",-6.36103964048077e-05,0.454
"C16335","OPC4-CoA",-6.36103964048077e-05,0.454
"C16168","(6Z,9Z,12Z,15Z,18Z,21Z)-Tetracosahexaenoyl-CoA",0.000297632021651656,0.881
"C16172","(6Z,9Z,12Z,15Z,18Z)-Tetracosapentaenoyl-CoA",-1.71144144489501e-05,0.454
"C00222","3-Oxopropanoate",-0.000928286210410232,0.112
"C00349","2-Methyl-3-oxopropanoate",0.000483384168183286,0.686
"C06002","(S)-Methylmalonate semialdehyde",0.000636378305091188,0.705
"C01143","(R)-5-Diphosphomevalonate",-0.000244668019062469,0.542
"C00152","L-Asparagine",-0.000900163351103221,0.073
"C00330","Deoxyguanosine",-0.0016576391301558,0.407
"C00041","L-Alanine",-0.00472494377160045,0.231
"C12145","Phytoceramide",-0.0108854013518192,0.045
"C00415","Dihydrofolate",-0.00262296104558465,0.359
"C00272","Tetrahydrobiopterin",-0.0031265148226898,0.356
"C00570","CDP-ethanolamine",-0.00207805935087169,0.167
"C05673","CMP-2-aminoethylphosphonate",-4.58115529394492e-05,0.545
"C11557","1-Phosphatidyl-1D-myo-inositol 5-phosphate",0.000101239371551911,0.675
"C00988","2-Phosphoglycolate",-0.000468446990936162,0.473
"C00315","Spermidine",-0.00339240799000842,0.269
"C01044","N-Formyl-L-aspartate",-0.000974977841785339,0.025
"C15650","2,3-Diketo-5-methylthiopentyl-1-phosphate",-0.00231580611546143,0.223
"C05552","Biocytin",-0.00277574629992399,0.373
"C00640","(3S)-3-Hydroxyacyl-CoA",0.000236379149661535,0.928
"C02953","7,8-Dihydrobiopterin",0.000805637723175941,0.717
"C04244","6-Lactoyl-5,6,7,8-tetrahydropterin",-0.000648363669369731,0.383
"C21640","6-(1'-Hydroxy-2'-oxopropyl)-tetrahydropterin",-0.000648363669369652,0.383
"C00402","D-Aspartate",-0.000217558293911684,0.308
"C00318","L-Carnitine",-0.00541081706020053,0.12
"C00203","UDP-N-acetyl-D-galactosamine",-3.48182354969792e-05,0.572
"C04800","D-Glucuronyl-N-acetyl-1,3-beta-D-galactosaminylproteoglycan",-6.56390740988285e-06,0.572
"C15577","N-Acetyl-beta-D-galactosaminyl-(1->4)-beta-D-glucuronosylproteoglycan",0.000283199000772071,0.772
"C00078","L-Tryptophan",-0.00387761566546161,0.32
"C00355","3,4-Dihydroxy-L-phenylalanine",-0.00116772110641926,0.438
"C00643","5-Hydroxy-L-tryptophan",-0.00530212096503886,0.12
"C05638","5-Hydroxykynurenamine",-0.00360765654846886,0.195
"C17343","(25S)-3alpha,7alpha,12alpha-Trihydroxy-5beta-cholestan-26-oyl-CoA",0.000105361622911761,0.612
"C17346","(25S)-3alpha,7alpha-Dihydroxy-5beta-cholestanoyl-CoA",0.000179715040874072,0.651
"C00072","Ascorbate",-0.00212715232149204,0.326
"C03819","1-Acylglycerophosphoinositol",8.01620368455554e-05,0.771
"C00212","Adenosine",-0.00459954827220859,0.099
"C00294","Inosine",-0.00892622591434766,0.053
"C00387","Guanosine",-0.00146615750729464,0.337
"C05841","Nicotinate D-ribonucleoside",-0.00203479577549071,0.341
"C01762","Xanthosine",-0.00190116317208337,0.278
"C00559","Deoxyadenosine",-0.00162346948171794,0.408
"C05512","Deoxyinosine",-0.00260594524902615,0.358
"C15586","N-D-Ribosylpurine",-0.000671500323619644,0.166
"C00409","Methanethiol",-0.000172322669693431,0.399
"C00978","N-Acetylserotonin",-0.00129051557898675,0.447
"C05635","5-Hydroxyindoleacetate",-0.000335996076667528,0.532
"C00242","Guanine",-0.00189049758684683,0.428
"C14781","15H-11,12-EETA",0.00241189752153355,0.992
"C14813","11H-14,15-EETA",0.00241189752153355,0.992
"C01595","Linoleate",0.010593125761889,0.845
"C02356","(S)-2-Aminobutanoate",-0.00135256512452911,0.191
"C00062","L-Arginine",-0.0539448730993015,0
"C03681","5alpha-Pregnane-3,20-dione",0.000833755461227963,0.627
"C03205","11-Deoxycorticosterone",4.92355345792688e-05,0.557
"C00674","5alpha-Androstane-3,17-dione",0.0141633164263506,0.992
"C03405","Lactosylceramide sulfate",-3.53805943729437e-06,0.581
"C03862","Dolichyl phosphate D-mannose",-0.00106620791057173,0.318
"C01213","(R)-Methylmalonyl-CoA",0.000870263001721863,0.747
"C00042","Succinate",-0.00169127815254752,0.378
"C01036","4-Maleylacetoacetate",-0.000333623723875286,0.511
"C00378","Thiamine",-0.00136881773894165,0.437
"C03090","5-Phosphoribosylamine",-0.00172046768171201,0.232
"C01005","O-Phospho-L-serine",-0.00872612977937218,0.031
"C00370","Sterol",0.00262534242802045,0.882
"C15816","3-Keto-4-methylzymosterol",0.00191153662141164,0.656
"C22136","Zymosterone",0.000929653850604223,0.629
"C15808","4alpha-Methylzymosterol-4-carboxylate",0.00165134022349039,0.639
"C22112","4alpha-Carboxy-5alpha-cholesta-8,24-dien-3beta-ol",0.00292073800263135,0.729
"C00632","3-Hydroxyanthranilate",-0.00615589474940307,0.311
"C05271","trans-Hex-2-enoyl-CoA",-0.000431203337024955,0.51
"C00780","Serotonin",-0.00275826384373997,0.397
"C00788","L-Adrenaline",-0.00379547016223025,0.299
"C02714","N-Acetylputrescine",-0.00102320778324395,0.359
"C05587","3-Methoxytyramine",-0.000422433932200973,0.508
"C05589","L-Normetanephrine",-0.0017006244944279,0.319
"C05588","L-Metanephrine",-0.00212252588940284,0.395
"C07572","Citalopram",0.000318327702700654,0.588
"C16608","Demethylcitalopram",-0.000472551283421177,0.528
"C16609","Didemethylcitalopram",0.000325485803287952,0.588
"C03594","7alpha-Hydroxycholesterol",-0.000568677376981914,0.378
"C15518","(24S)-Cholest-5-ene-3beta,7alpha,24-triol",-4.50155919990264e-05,0.58
"C15520","Cholest-5-ene-3beta,7alpha,25-triol",1.44232224137207e-05,0.57
"C06341","7alpha,27-Dihydroxycholesterol",0.000153831543723886,0.62
"C06126","Digalactosylceramide",7.16201966981309e-05,0.602
"C20859","Galactosyl-1-alkyl-2-acylglycerol",8.54120778568349e-05,0.603
"C01290","Lactosylceramide",8.78239397084641e-05,0.615
"C00664","5-Formiminotetrahydrofolate",-0.00100051539154273,0.41
"C00344","Phosphatidylglycerol",0.000865373486944359,1
"C00071","Aldehyde",0.000581096222194894,0.823
"C00577","D-Glyceraldehyde",-0.000295863402847593,0.465
"C00555","4-Aminobutyraldehyde",-0.00144142599652988,0.044
"C00576","Betaine aldehyde",0.000785182114349526,0.903
"C00637","Indole-3-acetaldehyde",-0.00231697165243037,0.325
"C04076","L-2-Aminoadipate 6-semialdehyde",-0.000863782308538188,0.472
"C01149","4-Trimethylammoniobutanal",-9.96808841060487e-05,0.442
"C05130","Imidazole-4-acetaldehyde",0.00107205726041642,0.656
"C05445","3alpha,7alpha-Dihydroxy-5beta-cholestan-26-al",7.74273280341241e-05,0.575
"C05936","N4-Acetylaminobutanal",-0.000453869075411188,0.359
"C00430","5-Aminolevulinate",-0.000418277339486725,0.472
"C02530","Cholesterol ester",0.000692995391836752,0.883
"C05698","Selenohomocysteine",-0.0037313446289359,0.16
"C00884","Homocarnosine",-0.000524710942425044,0.454
"C00067","Formaldehyde",-0.00141912786806451,0.399
"C01236","D-Glucono-1,5-lactone 6-phosphate",-0.000930995284509672,0.448
"C00111","Glycerone phosphate",-0.000755327255555065,0.438
"C04549","1-Phosphatidyl-1D-myo-inositol 3-phosphate",6.47187382196753e-05,0.635
"C01051","Uroporphyrinogen III",-0.000890348116297293,0.45
"C00166","Phenylpyruvate",-0.001141398347154,0.378
"C01179","3-(4-Hydroxyphenyl)pyruvate",-0.00120890474203173,0.393
"C00322","2-Oxoadipate",3.8930599271382e-05,0.571
"C00857","Deamino-NAD+",-0.00220278246912328,0.22
"C00433","2,5-Dioxopentanoate",-0.000246946564267489,0.19
"C03461","2-trans,6-trans-Farnesal",0.00446727835231649,0.792
"C15613","(25R)-3alpha,7alpha,12alpha-Trihydroxy-5beta-cholestan-26-oyl-CoA",9.43082641874058e-05,0.595
"C17345","(25R)-3alpha,7alpha-Dihydroxy-5beta-cholestanoyl-CoA",0.000207353068039126,0.638
"C01953","Pregnenolone",0.000309526359987413,0.602
"C00735","Cortisol",0.000270290485909761,0.568
"C05138","17alpha-Hydroxypregnenolone",0.000654592364405262,0.661
"C05485","21-Hydroxypregnenolone",4.59553845910485e-05,0.573
"C05140","16alpha-Hydroxyandrost-4-ene-3,17-dione",0.000146845224711676,0.774
"C05488","11-Deoxycortisol",0.000345810544451119,0.622
"C02094","beta-Carotene",0.00112958742327835,0.719
"C01724","Lanosterol",-0.000498135077600908,0.487
"C01943","Obtusifoliol",-0.000718355486097166,0.302
"C13550","Cerebrosterol",-3.58424126193279e-06,0.565
"C02112","2-Acylglycerol",0.000366180052734043,0.792
"C03794","N6-(1,2-Dicarboxyethyl)-AMP",0.00308325255486775,0.904
"C04823","1-(5'-Phosphoribosyl)-5-amino-4-(N-succinocarboxamide)-imidazole",-0.0150205425853479,0.011
"C22395","N6-Succino-2-amino-2'-deoxyadenylate",-0.00418713315127833,0.226
"C04845","N-Acetyl-beta-D-glucosaminyl-(1->3)-beta-D-galactosyl-(1->4)-beta-D-glucosyl-(1<->1)-ceramide",-7.1429745342958e-05,0.349
"C01134","Pantetheine 4'-phosphate",-0.00401682212818709,0.337
"C04376","5'-Phosphoribosyl-N-formylglycinamide",-0.00229361057990738,0.278
"C00794","D-Sorbitol",-0.00157649694586788,0.395
"C14040","1-Nitronaphthalene",8.67988769865605e-06,0.56
"C11036","Bromobenzene",-0.000303140238894121,0.514
"C14039","1,1-Dichloroethylene",0.00022442738141002,0.598
"C07447","Acetylhydrazine",-0.000106509291070534,0.559
"C04477","1D-myo-Inositol 1,3,4,6-tetrakisphosphate",-0.00024883258163608,0.375
"C11555","1D-myo-Inositol 1,4,5,6-tetrakisphosphate",-0.000446791330568155,0.295
"C01678","Cysteamine",-0.00162461413181437,0.341
"C01996","Acetylcholine",0.000735050223875449,0.85
"C00141","3-Methyl-2-oxobutanoic acid",-0.00032961644152401,0.513
"C15976","2-Methyl-1-hydroxypropyl-ThPP",0.00021411549602573,0.629
"C00233","4-Methyl-2-oxopentanoate",-0.000710787428908803,0.215
"C15974","3-Methyl-1-hydroxybutyl-ThPP",-0.000528379398628303,0.384
"C00671","(S)-3-Methyl-2-oxopentanoic acid",-0.000710787428908803,0.215
"C15978","2-Methyl-1-hydroxybutyl-ThPP",-0.000528379398628303,0.384
"C00109","2-Oxobutanoate",-0.00472824410943227,0.206
"C21017","2-(alpha-Hydroxypropyl)thiamine diphosphate",-0.000870798841615471,0.411
"C00198","D-Glucono-1,5-lactone",-9.37958920809253e-05,0.583
"C01040","L-Gulono-1,4-lactone",-7.54363692799679e-05,0.458
"C00099","beta-Alanine",-0.00648816755935944,0.138
"C00334","4-Aminobutanoate",-0.00479806830845931,0.056
"C03284","L-3-Aminoisobutanoate",-0.000253436787726557,0.345
"C18040","5alpha-Dihydrodeoxycorticosterone",2.15827747079467e-05,0.566
"C18041","5alpha-Pregnan-20alpha-ol-3-one",9.33575541703269e-05,0.566
"C00700","XTP",-0.000669260857907525,0.168
"C01345","dITP",-0.00136879535060134,0.436
"C16617","6-Mercaptopurine ribonucleoside triphosphate",-0.000537014307706651,0.234
"C01262","beta-Alanyl-N(pi)-methyl-L-histidine",-0.00115724734181426,0.298
"C05447","(24E)-3alpha,7alpha-Dihydroxy-5beta-cholest-24-enoyl-CoA",0.000215505851664544,0.67
"C05448","(24R,25R)-3alpha,7alpha,24-Trihydroxy-5beta-cholestanoyl-CoA",0.000327357551277746,0.69
"C15614","(24R,25R)-3alpha,7alpha,12alpha,24-Tetrahydroxy-5beta-cholestanoyl-CoA",0.000256053522456922,0.688
"C16375","(3R,6Z,9Z,12Z,15Z,18Z,21Z)-3-Hydroxytetracosahexaenoyl-CoA",0.000754893674291657,0.881
"C16388","(3R,6Z,9Z,12Z,15Z,18Z)-3-Hydroxytetracosapentaenoyl-CoA",-4.34078401088494e-05,0.454
"C01086","(3R)-3-Hydroxyacyl-CoA",0.000148762503813463,0.995
"C00909","Leukotriene A4",0.0125242035993434,0.957
"C01159","2,3-Bisphospho-D-glycerate",-0.000591786000801908,0.304
"C16396","2,4-Diamino-6-nitrotoluene",-0.000182026556036511,0.565
"C07054","Isoniazid",0.000941236088157845,0.714
"C05361","Hydrazine",0.000141903555504904,0.656
"C00073","L-Methionine",-0.00180206600991458,0.193
"C00407","L-Isoleucine",-0.000563010871116201,0.08
"C05501","20alpha,22beta-Dihydroxycholesterol",0.000101179726389009,0.601
"C05499","17alpha,20alpha-Dihydroxycholesterol",0.000140582868158977,0.646
"C05500","20alpha-Hydroxycholesterol",7.68798898403612e-05,0.604
"C05502","22(R)-Hydroxycholesterol",3.70480771952373e-05,0.588
"C03772","5beta-Androstane-3,17-dione",0.00171221671582222,0.947
"C05479","5beta-Pregnane-3,20-dione",0.000529851009748522,0.66
"C00410","Progesterone",0.00119156365492017,0.633
"C05293","5beta-Dihydrotestosterone",0.00131255890062095,0.889
"C05471","Dihydrocortisol",0.000105633248194749,0.552
"C05473","11beta,21-Dihydroxy-3,20-oxo-5beta-pregnan-18-al",1.47464372289227e-05,0.564
"C05451","7alpha-Hydroxy-5beta-cholestan-3-one",-0.000743123959401036,0.43
"C05453","7alpha,12alpha-Dihydroxy-5beta-cholestan-3-one",-0.00055792713253697,0.485
"C19691","Farnesylcysteine",0.00175210041312254,0.724
"C05924","Molybdopterin",0.00133658108856034,0.638
"C19848","Adenylated molybdopterin",0.00135047891224484,0.664
"C06232","Molybdate",9.8907868501377e-05,0.602
"C18239","Precursor Z",0.0017137427225787,0.634
"C21310","(8S)-3',8-Cyclo-7,8-dihydroguanosine 5'-triphosphate",0.00117439533786043,0.652
"C05692","Se-Adenosyl-L-selenohomocysteine",-0.00316543830442877,0.232
"C00036","Oxaloacetate",-0.00204760747211087,0.308
"C04042","20alpha-Hydroxy-4-pregnen-3-one",0.000144689872383073,0.633
"C04518","17alpha,20alpha-Dihydroxypregn-4-en-3-one",0.000228763424064985,0.756
"C18042","5alpha-Pregnane-3alpha,20alpha-diol",-0.000336172140809735,0.507
"C00668","alpha-D-Glucose 6-phosphate",-0.000420435476733222,0.412
"C00243","Lactose",-0.000146702840027276,0.513
"C00208","Maltose",-9.24060183256395e-05,0.521
"C00089","Sucrose",0.000348061000600396,0.616
"C00721","Dextrin",-5.90243442054733e-05,0.521
"C05653","Formylanthranilate",-0.00196150787876685,0.177
"C02700","L-Formylkynurenine",-0.00279134794611231,0.23
"C05648","5-Hydroxy-N-formylkynurenine",-0.0133071341340925,0.017
"C16756","Aflatoxin M1",-0.00212036021105886,0.323
"C01563","Carbamate",-0.000964019219985244,0.373
"C00169","Carbamoyl phosphate",-0.00305242136733038,0.155
"C00337","(S)-Dihydroorotate",-0.00110139536857285,0.427
"C20969","Carboxyphosphate",-0.000371034916973713,0.501
"C00527","Glutaryl-CoA",0.00018635260436637,0.627
"C00128","CMP-N-acetylneuraminate",0.000695371562615949,0.714
"C04885","alpha-N-Acetylneuraminyl-2,3-beta-D-galactosyl-1,3-N-acetyl-D-galactosaminyl-R",0.000196636381209587,0.714
"C01013","3-Hydroxypropanoate",0.000863543924270104,0.761
"C06000","(S)-3-Hydroxyisobutyryl-CoA",8.56851727801716e-05,0.705
"C00446","alpha-D-Galactose 1-phosphate",-0.000100013362365224,0.455
"C05335","L-Selenomethionine",-0.00931210432746481,0.098
"C00882","Dephospho-CoA",-0.00183883464056053,0.32
"C00460","dUTP",-0.0014598679199791,0.412
"C21751","5-Fluorodeoxyuridine triphosphate",-0.00123585972658795,0.455
"C03451","(R)-S-Lactoylglutathione",-0.000259455750071468,0.515
"C00235","Dimethylallyl diphosphate",1.2476132688398e-05,0.573
"C00341","Geranyl diphosphate",-0.000242230645015938,0.542
"C00077","L-Ornithine",-0.00997560313973363,0.036
"C00940","2-Oxoglutaramate",-0.000246946564267489,0.19
"C02362","2-Oxosuccinamate",-0.000217558293911684,0.308
"C00252","Isomaltose",-0.000146658761116991,0.495
"C03263","Coproporphyrinogen III",-0.000300515927328655,0.545
"C05381","3-Carboxy-1-hydroxypropyl-ThPP",-0.000573936191371631,0.351
"C04487","5-(D-Galactosyloxy)-L-lysine-procollagen",2.62495085850635e-05,0.599
"C00262","Hypoxanthine",-0.00438920017770947,0.154
"C00385","Xanthine",-0.00395239582316262,0.254
"C16358","1-Methylxanthine",-7.21192291501015e-05,0.551
"C02380","6-Mercaptopurine",-0.00389488275905299,0.211
"C00147","Adenine",-0.00236271256440279,0.291
"C22499","8-Hydroxyadenine",-0.000786029620250939,0.291
"C14771","14,15-EET",0.0111114473639511,0.925
"C14770","11,12-EET",0.00869272357886111,1
"C14769","8,9-EET",0.00869272357886111,1
"C14768","5,6-EET",0.00869272357886111,1
"C04646","6-Thioinosine-5'-monophosphate",-0.00315890769239278,0.234
"C00670","sn-Glycero-3-phosphocholine",0.00320820232075715,0.882
"C01233","sn-Glycero-3-phosphoethanolamine",0.000364188242018747,0.642
"C00461","Chitin",-0.000409878810203771,0.455
"C03406","N-(L-Arginino)succinate",-0.00800259272631658,0.039
"C05444","3alpha,7alpha,26-Trihydroxy-5beta-cholestane",-0.000125992582666948,0.528
"C05446","3alpha,7alpha,12alpha,26-Tetrahydroxy-5beta-cholestane",0.000537222288435706,0.629
"C01301","3alpha,7alpha,12alpha-Trihydroxy-5beta-cholestan-26-al",0.000277849047035082,0.607
"C04392","P1,P4-Bis(5'-xanthosyl) tetraphosphate",-0.000669260857907427,0.168
"C00325","GDP-L-fucose",-0.00547064071674017,0.273
"C00921","Dihydropteroate",-0.0010395516963755,0.318
"C16614","6-Methylmercaptopurine",-0.00161900174959344,0.339
"C07648","Thioguanine",-0.00047910190324327,0.36
"C01161","3,4-Dihydroxyphenylacetate",-8.40416355858001e-05,0.583
"C05298","2-Hydroxyestrone",0.000273104927692761,0.583
"C05301","2-Hydroxyestradiol",0.000590983912675589,0.66
"C05580","3,4-Dihydroxymandelate",-0.00157430043563188,0.434
"C03372","Acylglycerone phosphate",0.000413071561588514,0.824
"C00339","Long-chain alcohol",7.78719382250194e-05,0.824
"C03823","2-(2-Hydroxyacyl)sphingosine",-2.93284335807834e-08,0.554
"C01997","Histone N6-acetyl-L-lysine",-0.000448861392007207,0.455
"C00750","Spermine",-0.00172197058138327,0.336
"C16618","6-Thioxanthine 5'-monophosphate",-0.00174649554977401,0.303
"C00012","Peptide",-0.00292169000983673,0.162
"C01419","Cys-Gly",-0.00148149255358826,0.306
"C05729","R-S-Cysteinylglycine",-0.000558279124117078,0.085
"C00280","Androstenedione",0.0102195414215419,0.948
"C05297","19-Oxoandrost-4-ene-3,17-dione",0.000227917797029692,0.621
"C05295","19-Oxotestosterone",0.000414446858628805,0.631
"C05290","19-Hydroxyandrost-4-ene-3,17-dione",0.0013055210246313,0.922
"C05294","19-Hydroxytestosterone",0.00142998551056578,0.861
"C00197","3-Phospho-D-glycerate",-0.00143142825750589,0.191
"C05999","Lactaldehyde",-4.91719738869272e-05,0.515
"C00583","Propane-1,2-diol",-2.08980889018533e-05,0.515
"C02140","Corticosterone",0.00016170594320126,0.568
"C00931","Porphobilinogen",-0.000941005551496063,0.41
"C05933","N(omega)-Hydroxyarginine",-0.00940190337291964,0.046
"C06427","(9Z,12Z,15Z)-Octadecatrienoic acid",0.17778603694078,1
"C16167","(9Z,12Z,15Z,18Z,21Z)-Tetracosapentaenoyl-CoA",0.000126493609202072,0.881
"C16171","(9Z,12Z,15Z,18Z)-Tetracosatetraenoyl-CoA",-7.27362614068533e-06,0.454
"C16180","(11Z,14Z)-Icosadienoyl-CoA",0.000663726783681744,0.819
"C02191","Protoporphyrin",0.000225714205697524,0.614
"C00123","L-Leucine",-0.000563010871116201,0.08
"C00183","L-Valine",-0.000408632854276603,0.486
"C00665","beta-D-Fructose 2,6-bisphosphate",-0.00014336942749705,0.35
"C01176","17alpha-Hydroxyprogesterone",0.00188393408053553,0.756
"C05487","17alpha,21-Dihydroxypregnenolone",0.000210195611644394,0.616
"C03740","(5-L-Glutamyl)-L-amino acid",-0.00045187851691644,0.248
"C05922","Formamidopyrimidine nucleoside triphosphate",-0.000636584545336324,0.194
"C05923","2,5-Diaminopyrimidine nucleoside triphosphate",-0.000399894267535334,0.399
"C04555","Dehydroepiandrosterone sulfate",-0.000319006903688248,0.485
"C00132","Methanol",-0.0002402643498315,0.399
"C00418","(R)-Mevalonate",0.000334760883541419,0.65
"C00253","Nicotinate",-0.00249002524147055,0.364
"C13050","Cyclic ADP-ribose",-0.0002358824629137,0.286
"C20742","2'-Phospho-cyclic ADP-ribose",-0.00136660335559003,0.384
"C15672","Heme O",0.00268052163838113,0.782
"C00683","(S)-Methylmalonyl-CoA",0.00102706731426818,0.818
"C01177","Inositol 1-phosphate",-0.000184782983125995,0.453
"C03546","myo-Inositol 4-phosphate",-0.00142661237477077,0.149
"C04006","1D-myo-Inositol 3-phosphate",-0.000423477331209553,0.358
"C04640","2-(Formamido)-N1-(5'-phosphoribosyl)acetamidine",-0.00265884417343623,0.258
"C03838","5'-Phosphoribosylglycinamide",-0.00133923106874358,0.212
"C00058","Formate",-0.00658771032894953,0.094
"C05497","21-Deoxycortisol",0.00035385066053462,0.614
"C05498","11beta-Hydroxyprogesterone",0.00027931007246484,0.592
"C01598","Melatonin",-0.00261373722815037,0.438
"C07535","Benzo[a]pyrene",-0.0147520983165213,0.05
"C19488","7,12-Dimethylbenz[a]anthracene",-0.000110038043409284,0.533
"C19490","trans-3,4-Dihydro-3,4-dihydroxy-7,12-dimethylbenz[a]anthracene",-0.000694097033535361,0.503
"C00131","dATP",-0.00121152481652735,0.358
"C00286","dGTP",-0.00341000925085957,0.164
"C00719","Betaine",-1.96117148530458e-05,0.564
"C00417","cis-Aconitate",-0.00097517918320105,0.42
"C00170","5'-Methylthioadenosine",-0.00795000485241265,0.132
"C01217","5,6,7,8-Tetrahydromethanopterin",-0.000490821656882573,0.422
"C01879","5-Oxoproline",-0.00115986047539189,0.168
"C04233","2-Acyl-sn-glycero-3-phosphocholine",0.00571312057618743,0.979
"C04438","1-Acyl-sn-glycero-3-phosphoethanolamine",0.000617833774524464,0.826
"C05973","2-Acyl-sn-glycero-3-phosphoethanolamine",0.000617833774524414,0.826
"C05284","11beta-Hydroxyandrost-4-ene-3,17-dione",0.00264197830920659,0.826
"C00047","L-Lysine",-0.00390198587565827,0.293
"C01152","N(pi)-Methyl-L-histidine",-0.000327886746847241,0.298
"C18129","Monolysocardiolipin",0.00024150956123914,0.998
"C00048","Glyoxylate",-0.00173338339884709,0.295
"C01205","(R)-3-Amino-2-methylpropanoate",-0.000129685081860483,0.523
"C01172","beta-D-Glucose 6-phosphate",-0.000534347766146371,0.449
"C07585","N-Acetylisoniazid",8.49813417763993e-05,0.594
"C21171","[Wnt]-O-(9Z)-hexadec-9-enoyl-L-serine",-0.000383076971925431,0.528
"C01079","Protoporphyrinogen IX",0.0003535441755205,0.619
"C00581","Guanidinoacetate",-0.00731281985839513,0.13
"C00122","Fumarate",-0.00603353002477887,0.175
"C00440","5-Methyltetrahydrofolate",-0.000855818034330771,0.395
"C05691","Se-Adenosylselenomethionine",-0.00377156850238053,0.174
"C00723","Insulin",0.000982462684059095,0.857
"C00127","Glutathione disulfide",0.00419907685767817,0.882
"C00069","Alcohol",0.000127954771364831,0.602
"C00751","Squalene",8.1421935642072e-05,0.588
"C01127","4-Hydroxy-2-oxoglutarate",-0.000668035169366753,0.379
"C05946","(4R)-4-Hydroxy-2-oxoglutarate",-0.00102728091027845,0.277
"C04062","D-myo-Inositol 1,3-bisphosphate",-0.000159249423685834,0.421
"C00184","Glycerone",-8.02535209027255e-05,0.438
"C00153","Nicotinamide",-0.00136858718543736,0.455
"C07481","Caffeine",-0.000292071384272503,0.536
"C06125","Sulfatide",3.14868626251852e-05,0.589
"C04751","1-(5-Phospho-D-ribosyl)-5-amino-4-imidazolecarboxylate",-0.00489384345483903,0.134
"C01124","18-Hydroxycorticosterone",4.37817997104307e-05,0.573
"C06055","O-Phospho-4-hydroxy-L-threonine",-0.00225788485236043,0.232
"C05402","Melibiose",-9.24060183256395e-05,0.521
"C00492","Raffinose",0.00159125462243717,0.724
"C05401","3-beta-D-Galactosyl-sn-glycerol",6.79199740065005e-06,0.571
"C01235","alpha-D-Galactosyl-(1->3)-1D-myo-inositol",-0.000197264014905071,0.349
"C05400","Epimelibiose",-0.000154526768739329,0.329
"C05399","Melibiitol",-0.00148634675233316,0.296
"C01613","Stachyose",0.00180135415391845,0.772
"C05404","D-Gal alpha 1->6D-Gal alpha 1->6D-Glucose",-3.92725577884309e-05,0.521
"C01060","3,5-Diiodo-L-tyrosine",-0.00178534388820257,0.441
"C05590","Hydroiodic acid",-0.000460533739373847,0.42
"C02515","3-Iodo-L-tyrosine",-0.00115898214982157,0.475
"C14850","Benzo[a]pyrene-7,8-oxide",-0.00528490378787707,0.141
"C19489","1a,11b-Dihydro-4,9-dimethylbenz[a]anthra[3,4-b]oxirene",-0.000326168684885312,0.52
"C19604","7,12-Dimethylbenz[a]anthracene 5,6-oxide",-4.88100910104802e-05,0.533
"C16339","(+)-7-Isojasmonic acid CoA",-4.56227207092318e-05,0.454
"C16173","(4Z,7Z,10Z,13Z,16Z)-Docosapentaenoyl-CoA",-3.24760078793822e-05,0.454
"C05379","Oxalosuccinate",-0.000749932138909691,0.421
"C02075","Retinyl ester",0.00520424143882123,0.993
"C16619","6-Thioguanosine monophosphate",-0.00281824648966708,0.36
"C00327","L-Citrulline",-0.010744860307054,0.03
"C15519","25-Hydroxycholesterol",2.16772548634847e-05,0.57
"C04489","5-Methyltetrahydropteroyltri-L-glutamate",-0.00229997254599217,0.233
"C05959","11-epi-Prostaglandin F2alpha",0.00120301687233,0.888
"C05107","7-Dehydrodesmosterol",1.61545964915469e-05,0.581
"C00162","Fatty acid",0.00523989724465785,0.914
"C00185","Cellobiose",-0.000138660532136719,0.519
"C00844","Prunasin",-0.000334423960217017,0.541
"C01898","Cellodextrin",-9.83114949775688e-05,0.512
"C00963","beta-D-Glucoside",-5.90243442054733e-05,0.521
"C05713","Cyanoglycoside",-9.24060183256395e-05,0.521
"C05839","cis-beta-D-Glucosyl-2-hydroxycinnamate",-0.000178267857283407,0.549
"C05143","Dhurrin",0.0001739194529075,0.583
"C08334","Lotaustralin",-3.33919151943921e-05,0.572
"C01594","Linamarin",-0.000203428347687799,0.559
"C00232","Succinate semialdehyde",-0.00107043155093235,0.079
"C00499","Allantoate",-0.00383249723200899,0.144
"C00956","L-2-Aminoadipate",-0.000595329083884297,0.418
"C20776","N-Acetylaspartylglutamylglutamate",-0.000498958490374906,0.476
"C14180","S-(Hydroxymethyl)glutathione",-0.000204986846138712,0.554
"C18170","3-Acetamidopropanal",-0.00085497613164668,0.433
"C11133","Estrone glucuronide",0.00127062884475491,0.776
"C11135","Androsterone glucuronide",0.013279134424077,0.96
"C11134","Testosterone glucuronide",0.00175501358198178,0.793
"C11061","all-trans-Retinoyl-beta-glucuronide",0.0016769065441111,0.824
"C05503","Estradiol-17beta 3-glucuronide",0.000759569326460934,0.665
"C11136","Etiocholan-3alpha-ol-17-one 3-glucuronide",0.000896903839745131,0.854
"C11132","2-Methoxyestrone 3-glucuronide",0.000545659853568744,0.624
"C11131","2-Methoxy-estradiol-17beta 3-glucuronide",0.000673881211047272,0.653
"C05504","16-Glucuronide-estriol",0.00106133487375849,0.73
"C14869","Trichloroethanol glucuronide",0.000202058899395803,0.598
"C16577","Codeine-6-glucuronide",0.000953370861326134,0.713
"C16643","Morphine-3-glucuronide",0.00120783821262681,0.732
"C16578","Morphine-6-glucuronide",0.000534631100141345,0.668
"C00191","D-Glucuronate",-0.00113650502368017,0.458
"C19605","4-(Methylnitrosamino)-1-(3-pyridyl)-1-butanol glucuronide",0.000374968329257173,0.583
"C19606","NNAL-N-glucuronide",0.000487023265662764,0.637
"C21749","5-Fluorouridine triphosphate",-0.0013995981186216,0.365
"C22443","dZTP",-0.0140693677733091,0.055
"C04805","5(S)-HETE",0.00228795226318386,0.944
"C04742","(15S)-15-Hydroxy-5,8,11-cis-13-trans-eicosatetraenoate",0.00133519137598387,0.967
"C00332","Acetoacetyl-CoA",0.00211597423852739,0.78
"C00279","D-Erythrose 4-phosphate",-0.00184109095117965,0.344
"C00231","D-Xylulose 5-phosphate",-0.00130639574170419,0.359
"C12215","Iminoerythrose 4-phosphate",-0.00159285838568535,0.292
"C00302","Glutamate",-0.000509882632896358,0.197
"C05528","3-Sulfopyruvate",-0.00241732960576884,0.071
"C05527","3-Sulfinylpyruvate",-0.00211730333833098,0.192
"C14791","(1R)-Hydroxy-(2R)-glutathionyl-1,2-dihydronaphthalene",-0.000821239008747691,0.447
"C14793","(1R)-Glutathionyl-(2R)-hydroxy-1,2-dihydronaphthalene",-0.000352963473652245,0.395
"C14792","(1S)-Hydroxy-(2S)-glutathionyl-1,2-dihydronaphthalene",-0.000352963473652245,0.395
"C14803","1-Nitro-7-hydroxy-8-glutathionyl-7,8-dihydronaphthalene",0.000642857555019053,0.684
"C14804","1-Nitro-7-glutathionyl-8-hydroxy-7,8-dihydronaphthalene",-0.000144332201423113,0.472
"C14805","1-Nitro-5-hydroxy-6-glutathionyl-5,6-dihydronaphthalene",-0.000262266009507582,0.402
"C14806","1-Nitro-5-glutathionyl-6-hydroxy-5,6-dihydronaphthalene",-0.000262266009507582,0.402
"C14847","3,4-Dihydro-3-hydroxy-4-S-glutathionyl bromobenzene",-0.000283038816456724,0.458
"C14848","2,3-Dihydro-2-S-glutathionyl-3-hydroxy bromobenzene",-0.000301279326355022,0.415
"C14855","4,5-Dihydro-4-hydroxy-5-S-glutathionyl-benzo[a]pyrene",-0.00351366333327451,0.194
"C14856","7,8-Dihydro-7-hydroxy-8-S-glutathionyl-benzo[a]pyrene",-0.00131055076409177,0.295
"C14861","S-(2,2-Dichloro-1-hydroxy)ethyl glutathione",0.000873963875533804,0.685
"C14864","S-(2-Chloroacetyl)glutathione",-0.000217706628488219,0.427
"C14863","2-(S-Glutathionyl)acetyl glutathione",-0.000425023169822724,0.372
"C14868","S-(1,2-Dichlorovinyl)glutathione",-0.00133690496681937,0.266
"C14874","Glutathione episulfonium ion",-0.000332706660035707,0.491
"C13645","Hydrobromic acid",-0.000591296386714806,0.435
"C14871","S-(Formylmethyl)glutathione",-0.000950014980867255,0.392
"C11583","4-Glutathionyl cyclophosphamide",-0.00115553994157469,0.372
"C11278","Aflatoxin B1exo-8,9-epoxide-GSH",-0.00140882622293778,0.333
"C07086","Phenylacetic acid",4.82093852952619e-05,0.604
"C00642","4-Hydroxyphenylacetate",-7.93646725979634e-05,0.551
"C05582","Homovanillate",-0.000198673836744253,0.549
"C05584","3-Methoxy-4-hydroxymandelate",-0.00212323188374577,0.377
"C05828","Methylimidazoleacetic acid",0.000331696013993781,0.624
"C11150","Trichloroacetate",-0.00027409603004559,0.502
"C07646","Carboxyphosphamide",-0.00124632256352633,0.407
"C03892","Phosphatidylglycerophosphate",0.000411527537287607,0.815
"C00054","Adenosine 3',5'-bisphosphate",0.00047699165883558,0.583
"C00850","Aryl sulfate",-0.000107571729360055,0.529
"C15645","1-(1-Alkenyl)-sn-glycerol",1.73350721980144e-05,0.578
"C00264","3-Oxoacyl-CoA",0.000412313627520339,0.815
"C00785","Urocanate",0.000674940121927972,0.61
"C14823","8(S)-HPETE",0.00555247718599764,1
"C15646","1-(1-Alkenyl)-sn-glycero-3-phosphate",1.73350721980144e-05,0.578
"C02713","N-Acetylmuramate",-0.00044008210680582,0.498
"C00546","Methylglyoxal",-0.000147805168566726,0.515
"C12455","5-Aminopentanal",-0.000772634592774131,0.404
"C02266","D-Xylonolactone",-0.000498528671666046,0.446
"C03012","Naphthalene-1,2-diol",-0.000345270840574024,0.515
"C01246","Dolichyl beta-D-glucosyl phosphate",-0.000105348411676921,0.496
"C05791","D-Urobilinogen",-4.29768685732241e-05,0.551
"C12632","Luteolin 7-O-[beta-D-glucuronosyl-(1->2)-beta-D-glucuronide]",-9.18227430373425e-05,0.458
"C00439","N-Formimino-L-glutamate",-0.000723504200195696,0.482
"C20909","Dermatan 4,6-sulfate",-6.60738440351775e-06,0.558
"C20907","Chondroitin 4,6-sulfate",-6.6073844035518e-06,0.558
"C04853","20-OH-Leukotriene B4",0.00177079003924167,0.957
"C14748","20-HETE",0.00555247718599764,1
"C00060","Carboxylate",0.000312341339387762,0.823
"C00696","Prostaglandin D2",0.0028306279348953,0.888
"C16632","alpha-Fluoro-beta-alanine",-0.000203008494184936,0.481
"C04257","N-Acetyl-D-mannosamine 6-phosphate",-0.000594002597000845,0.363
"C02679","Dodecanoic acid",-3.86654476614855e-05,0.442
"C03231","3-Methylglutaconyl-CoA",0.00640605349729406,0.922
"C15647","2-Acyl-1-(1-alkenyl)-sn-glycero-3-phosphate",2.61776132913516e-06,0.556
"C03852","Androstan-3alpha,17beta-diol",0.00799537615568648,0.932
"C03508","L-2-Amino-3-oxobutanoic acid",-0.000371590148642876,0.205
"C16356","1,7-Dimethyluric acid",-6.00107444574168e-05,0.537
"C16835","Succinic aldehyde",-0.000598952650672493,0.343
"C16679","all-trans-18-Hydroxyretinoic acid",0.00182693849805315,0.796
"C16680","all-trans-5,6-Epoxyretinoic acid",0.00125127510471515,0.808
"C16677","all-trans-4-Hydroxyretinoic acid",0.00125127510471515,0.808
"C19563","4-[(Hydroxymethyl)nitrosoamino]-1-(3-pyridinyl)-1-butanone",-0.000352209723050432,0.524
"C19566","4-Hydroxy-4-(methylnitrosoamino)-1-(3-pyridinyl)-1-butanone",-6.94371623912115e-05,0.557
"C19577","1-(Methylnitrosoamino)-4-(3-pyridinyl)-1,4-butanediol",-1.52833526129237e-05,0.542
"C19580","alpha-[3-[(Hydroxymethyl)nitrosoamino]propyl]-3-pyridinemethanol",6.1391826266887e-05,0.572
"C01530","Octadecanoic acid",0.0005099561072748,0.697
"C00712","(9Z)-Octadecenoic acid",-0.000193871234923184,0.556
"C06429","(4Z,7Z,10Z,13Z,16Z,19Z)-Docosahexaenoic acid",0.0041551610221432,0.888
"C06426","(6Z,9Z,12Z)-Octadecatrienoic acid",0.000710014009114969,0.845
"C03242","Dihomo-gamma-linolenate",-0.00101586980513622,0.355
"C15603","Hydroquinone",-0.000959493767811672,0.349
"C01146","2-Hydroxy-3-oxopropanoate",-0.000162156848489136,0.268
"C03455","11-cis-Retinyl palmitate",0.000290328739756851,0.666
"C21797","all-trans-3,4-Didehydroretinol",0.000322960483482002,0.721
"C01252","4-(2-Aminophenyl)-2,4-dioxobutanoate",-0.000769825923742186,0.383
"C01962","Thiocysteine",-0.00152840379402985,0.138
"C05645","4-(2-Amino-3-hydroxyphenyl)-2,4-dioxobutanoate",-0.000999979786976742,0.357
"C05703","Methaneselenol",-0.00860733362321022,0.056
"C18904","Methylselenopyruvate",-0.00173309598885287,0.215
"C05676","Diacylglyceryl-N-trimethyl-2-aminoethylphosphonate",0.000594904831288668,0.776
"C21383","3-Deoxy-D-glycero-D-galacto-non-2-ulopyranosonate 9-phosphate",-0.000728241842626606,0.391
"C02110","11-cis-Retinal",0.00046068303954742,0.966
"C21016","Ophthalmate",-0.00117011044583418,0.334
"C03344","2-Methylacetoacetyl-CoA",0.000524848981609992,0.68
"C05269","3-Oxohexanoyl-CoA",-0.000279696395842617,0.504
"C05265","3-Oxodecanoyl-CoA",-2.97934301849078e-05,0.566
"C05261","3-Oxotetradecanoyl-CoA",-0.000184772214045003,0.469
"C05259","3-Oxopalmitoyl-CoA",-0.000280497542501512,0.321
"C04644","3alpha,7alpha-Dihydroxy-5beta-cholestanoyl-CoA",0.000823968031622681,0.675
"C05263","3-Oxododecanoyl-CoA",-0.00042174960469281,0.462
"C05267","3-Oxooctanoyl-CoA",-7.88823087024629e-05,0.568
"C01259","(3S)-3-Hydroxy-N6,N6,N6-trimethyl-L-lysine",-0.000289127888061269,0.535
"C01801","Deoxyribose",-0.00032133038217131,0.295
"C01284","1D-myo-Inositol 1,3,4,5,6-pentakisphosphate",-0.00100191766943112,0.381
"C02218","Dehydroalanine",-0.00080023702688098,0.418
"C02220","2-Aminomuconate",-0.00261674431402586,0.326
"C02305","Phosphocreatine",-0.00354790296969128,0.22
"C03845","5alpha-Cholest-8-en-3beta-ol",-7.27135287533669e-05,0.552
"C05439","5alpha-Cholesta-7,24-dien-3beta-ol",-7.2713528753471e-05,0.552
"C11522","24-Methylenelophenol",-0.000167488926648562,0.453
"C00295","Orotate",-0.000875893847090777,0.459
"C18045","7alpha-Hydroxydehydroepiandrosterone",0.000220699734787427,0.774
"C00312","L-Xylulose",-0.000214260883154378,0.508
"C00618","3-Dehydro-L-gulonate",-7.54363692799679e-05,0.458
"C16565","Aminopropylcadaverine",-0.00123306890694194,0.314
"C16466","7-Methyl-3-oxo-6-octenoyl-CoA",-0.000362130758994992,0.396
"C17339","4-Cholesten-7alpha,12alpha-diol-3-one",-0.00125287732740401,0.393
"C16551","Alcophosphamide",-0.00137189164581709,0.402
"C00584","Prostaglandin E2",0.00405116154669336,0.885
"C00106","Uracil",0.000737217785320377,0.594
"C11455","4,4-Dimethyl-5alpha-cholesta-8,14,24-trien-3beta-ol",0.000320989343990491,0.602
"C00190","UDP-D-xylose",0.000425631439395877,0.772
"C02687","alpha-D-Glucosylglycogenin",7.93913480178858e-05,0.634
"C05843","N1-Methyl-4-pyridone-5-carboxamide",-0.000127177394401796,0.455
"C16610","Citalopram propionic acid",-0.000279427957070316,0.507
"C05842","N1-Methyl-2-pyridone-5-carboxamide",-0.000127177394401796,0.455
"C05974","2-Acyl-sn-glycero-3-phosphoserine",0.000687145866877717,1
"C05300","16alpha-Hydroxyestrone",0.0008582103978339,0.716
"C04930","N-Acetyl-beta-D-glucosaminyl-1,3-beta-D-galactosyl-1,3-(N-acetyl-beta-D-glucosaminyl-1,6)-N-acetyl-D-galactosaminyl-R",-0.0005930258246691,0.292
"C04938","N-Acetyl-D-glucosaminyl-1,3-beta-D-galactosyl-1,4-N-acetyl-beta-D-glucosaminyl-1,3-beta-D-galactosyl-1,4-beta-D-glucosylceramide",-0.000450224990850384,0.295
"C02571","O-Acetylcarnitine",-0.0010697304949992,0.341
"C20690","1D-myo-Inositol 1,5-bis(diphosphate) 2,3,4,6-tetrakisphosphate",-2.60751455851428e-05,0.565
"C00894","Propenoyl-CoA",0.00416748308547649,0.853
"C03221","2-trans-Dodecenoyl-CoA",-0.000309268405061768,0.508
"C03345","2-Methylbut-2-enoyl-CoA",0.000137954848281765,0.68
"C05272","trans-Hexadec-2-enoyl-CoA",-0.000711601850154539,0.216
"C05273","trans-Tetradec-2-enoyl-CoA",-8.77123024407027e-05,0.402
"C05275","trans-Dec-2-enoyl-CoA",-0.000305259102948207,0.455
"C05276","trans-Oct-2-enoyl-CoA",0.000559654045256771,0.695
"C05116","3-Hydroxybutanoyl-CoA",0.000130442349021143,0.701
"C05938","L-4-Hydroxyglutamate semialdehyde",-0.000309487553747871,0.361
"C15812","[Enzyme]-S-sulfanylcysteine",-0.000262936068628869,0.272
"C05544","Protein N6-methyl-L-lysine",-0.000145817530690911,0.269
"C00086","Urea",-0.00840374692750131,0.033
"C20775","beta-Citryl-L-glutamate",-0.000338522820182041,0.474
"C01222","GDP-4-dehydro-6-deoxy-D-mannose",-0.00423045631824139,0.284
"C19562","7-Hydroxymethyl-12-methylbenz[a]anthracene sulfate",-0.000232397816516957,0.515
"C08276","3-(Methylthio)propanoate",-0.000470467545419098,0.156
"C04874","7,8-Dihydroneopterin",-0.000529473629287291,0.474
"C00635","Chondroitin 6-sulfate",-3.13856370392834e-06,0.563
"C15558","Dermatan 6'-sulfate",-3.13856370392053e-06,0.563
"C04051","5-Amino-4-imidazolecarboxyamide",-0.000872526443598151,0.383
"C00624","N-Acetyl-L-glutamate",-0.000430189365128827,0.133
"C05844","5-L-Glutamyl-taurine",-0.00428894400557764,0.118
"C05951","Leukotriene D4",0.000593127892812901,0.713
"C03363","5-L-Glutamyl amino acid",0.000516363366925575,0.86
"C05711","gamma-Glutamyl-beta-cyanoalanine",-0.000566138707776219,0.048
"C06114","gamma-Glutamyl-beta-aminopropiononitrile",-0.000331333134168346,0.506
"C05695","gamma-Glutamyl-Se-methylselenocysteine",-0.00153862931899435,0.306
"C06128","GM4",-0.000116696967614634,0.517
"C05921","Biotinyl-5'-AMP",-0.00304594905815483,0.288
"C01586","Hippurate",-0.000474398251438142,0.13
"C00178","Thymine",-0.000224537067996807,0.536
"C16637","5-Deoxyribose-1-phosphate",-0.000472172122418813,0.363
"C16834","1-Pentanol",-0.000390066936894566,0.479
"C16836","1,4'-Bipiperidine-1'-carboxylic acid",-7.64203253676632e-05,0.556
"C16837","4-Amino-1-piperidinecarboxylic acid",-0.000728717291667074,0.357
"C01921","Glycocholate",0.000611649335845426,0.702
"C05122","Taurocholate",-0.00259048720585466,0.202
"C05466","Glycochenodeoxycholate",-0.00110844194315232,0.319
"C05465","Taurochenodeoxycholate",-0.0013790614756278,0.336
"C01164","7-Dehydrocholesterol",5.70162229117464e-05,0.581
"C04760","3alpha,7alpha,12alpha-Trihydroxy-5beta-cholestanoyl-CoA",4.95295744499074e-05,0.585
"C03722","Quinolinate",-0.00144514675904647,0.293
"C01231","alpha-D-Glucose 1,6-bisphosphate",-0.000224804805616041,0.39
"C00094","Sulfite",-0.0015073013357817,0.321
"C01755","Thiocyanate",-0.00105331680854635,0.287
"C00740","D-Serine",-0.0002238244851685,0.189
"C14812","12(R)-HPETE",0.00555247718599764,1
"C16332","trans-2-Enoyl-OPC6-CoA",-2.70344184719622e-05,0.454
"C16336","trans-2-Enoyl-OPC4-CoA",-2.70344184719622e-05,0.454
"C16374","(2E,6Z,9Z,12Z,15Z,18Z,21Z)-Tetracosaheptaenoyl-CoA",0.000447323420775991,0.881
"C16387","(2E,6Z,9Z,12Z,15Z,18Z)-Tetracosahexaenoyl-CoA",-2.57219581869815e-05,0.454
"C12144","Phytosphingosine",-0.0131145837812376,0.043
"C00504","Folate",-0.000745763608338212,0.419
"C05675","Diacylglyceryl-2-aminoethylphosphonate",0.000406504188510888,0.685
"C03454","1-Alkenyl-2-acylglycerol",2.61776132913516e-06,0.556
"C03287","L-Glutamyl 5-phosphate",-0.00211733293140348,0.154
"C02934","3-Dehydrosphinganine",-0.000955533540827103,0.304
"C00835","Sepiapterin",0.00129519962194365,0.791
"C03684","6-Pyruvoyltetrahydropterin",-0.000797076114065477,0.436
"C02990","L-Palmitoylcarnitine",-0.00865672950230219,0.105
"C04913","N-Acetyl-beta-D-galactosaminyl-1,4-beta-D-glucuronyl-N-acetyl-1,3-beta-D-galactosaminylproteoglycan",-1.54444880227273e-05,0.572
"C15578","beta-D-Glucuronosyl-(1->3)-N-acetyl-beta-D-galactosaminyl-(1->4)-beta-D-glucuronosylproteoglycan",0.000666350590052137,0.772
"C05651","5-Hydroxykynurenine",-0.00530360870442538,0.091
"C05460","(24E)-3alpha,7alpha,12alpha-Trihydroxy-5beta-cholest-24-enoyl-CoA",0.000153601436781626,0.653
"C01041","Monodehydroascorbate",-0.00189460403873617,0.333
"C05660","5-Methoxyindoleacetate",-0.000137141451405743,0.538
"C20239","6-Carboxy-5,6,7,8-tetrahydropterin",-0.000492956798830015,0.502
"C14782","11,12,15-THETA",0.0010250564466517,0.992
"C14814","11,14,15-THETA",0.0010250564466517,0.992
"C14749","19(S)-HETE",0.00555247718599764,1
"C14825","9(10)-EpOME",0.00380804035499348,0.877
"C14826","12(13)-EpOME",0.00180083137952103,0.845
"C06081","Polyprenol",-0.000103836156508689,0.359
"C01061","4-Fumarylacetoacetate",-0.000563622802959369,0.45
"C00500","Biliverdin",0.000244333277946963,0.634
"C02538","Estrone 3-sulfate",-6.70833281854512e-05,0.55
"C01958","Steryl ester",0.00485892044120142,0.956
"C05639","4,6-Dihydroxyquinoline",-0.00153325403309912,0.195
"C00543","Dimethylamine",6.76446368242151e-05,0.588
"C17331","7alpha,24-Dihydroxy-4-cholesten-3-one",-1.91316265997173e-05,0.58
"C17332","7alpha,25-Dihydroxy-4-cholesten-3-one",6.1298695257002e-06,0.57
"C17336","7alpha,26-Dihydroxy-4-cholesten-3-one",6.53784060825204e-05,0.62
"C06127","Digalactosylceramide sulfate",9.56389020348924e-06,0.569
"C20825","Seminolipid",7.42156768359628e-06,0.57
"C01045","N-Formyl-L-glutamate",-0.000655425653797581,0.248
"C05980","Cardiolipin",0.00113651558230216,0.998
"C00954","Indole-3-acetate",-0.000984712952282739,0.325
"C02835","Imidazole-4-acetate",0.00045562433567717,0.656
"C02946","4-Acetamidobutanoate",-0.000192894357049623,0.359
"C16607","Citalopram N-oxide",-0.000173008132367992,0.546
"C05852","2-Hydroxyphenylacetate",-0.000242547148770111,0.378
"C16502","Farnesoic acid",0.0047671478872585,0.852
"C04295","Androstenediol",0.00131255890062095,0.889
"C05489","11beta,17alpha,21-Trihydroxypregnenolone",0.000105504805903842,0.596
"C05139","16alpha-Hydroxydehydroepiandrosterone",0.000345518175792352,0.774
"C11148","TCE epoxide",-0.000310583227822025,0.266
"C14866","Chloral",-0.000310583227822025,0.266
"C13713","Allotetrahydrodeoxycorticosterone",1.55443927406821e-05,0.573
"C13712","Allopregnanolone",9.33575541701699e-05,0.566
"C04734","1-(5'-Phosphoribosyl)-5-formamido-4-imidazolecarboxamide",-0.001575163304912,0.285
"C05449","3alpha,7alpha-Dihydroxy-5beta-24-oxocholestanoyl-CoA",0.000832120815248054,0.706
"C05467","3alpha,7alpha,12alpha-Trihydroxy-5beta-24-oxocholestanoyl-CoA",0.000673316159381546,0.69
"C16376","(6Z,9Z,12Z,15Z,18Z,21Z)-3-Oxotetracosahexaenoyl-CoA",0.00199334548398279,0.881
"C16389","(6Z,9Z,12Z,15Z,18Z)-3-Oxotetracosapentaenoyl-CoA",-0.000114621204280417,0.454
"C01312","Prostaglandin I2",0.0018080635934148,0.888
"C05965","12(S)-HPETE",0.00555247718599764,1
"C16365","5-Acetylamino-6-formylamino-3-methyluracil",-0.00016937859715247,0.533
"C16420","4-Acetamido-2-amino-6-nitrotoluene",-0.00036729340544277,0.53
"C16622","N,N'-Diacetylhydrazine",-8.4356773239365e-05,0.556
"C00331","Indolepyruvate",-0.000895028620827366,0.374
"C02373","4-Methylpentanal",6.13325045025514e-05,0.63
"C00762","Cortisone",-4.16012435169701e-05,0.54
"C01780","Aldosterone",3.32445415774584e-05,0.564
"C02198","Thromboxane A2",0.0018080635934148,0.888
"C01035","4-Guanidinobutanoate",-0.00526504055713881,0
"C17432","all-trans-Decaprenyl diphosphate",0.000186068005849843,0.613
"C00108","Anthranilate",-0.00240082175598604,0.189
"C19594","Aflatoxin-M1-8,9-epoxide",-0.00175565385434461,0.301
"C00438","N-Carbamoyl-L-aspartate",-0.00149743043183252,0.318
"C02411","Glutaconyl-1-CoA",5.27999045705738e-05,0.627
"C04926","alpha-N-Acetylneuraminyl-2,3-beta-D-galactose-1,3-(alpha-N-acetylneuraminyl-2,6)-N-acetyl-D-galactosaminyl-R",0.00046267383814,0.714
"C21754","Isonicotinoyl radical",0.000766094991062575,0.757
"C05360","Diimine",0.000160010134986907,0.714
"C05859","ditrans,polycis-Polyprenyl diphosphate",0.000186068005849843,0.613
"C00517","Hexadecanal",-0.00046315920687999,0.491
"C06123","Hexadecenal",-0.000234742112131045,0.525
"C00353","Geranylgeranyl diphosphate",0.000161760076397301,0.594
"C04759","1,2-D-Glucosyl-5-D-(galactosyloxy)-L-lysine-procollagen",6.18672646950686e-05,0.622
"C00366","Urate",-0.00162772997280742,0.233
"C16359","1-Methyluric acid",-1.04182753191079e-05,0.542
"C16613","6-Thiourate",-0.00314093259737544,0.147
"C22500","2,8-Dihydroxyadenine",-0.000334062588606466,0.291
"C14775","14,15-DHET",0.00568135572565067,0.889
"C14774","11,12-DHET",0.00369440752101585,1
"C14773","8,9-DHET",0.00369440752101585,1
"C14772","5,6-DHET",0.00369440752101585,1
"C09332","THF-L-glutamate",0.000603650712119738,0.714
"C16615","6-Methylthiopurine 5'-monophosphate ribonucleotide",-0.00186602227103078,0.333
"C05594","3-Methoxy-4-hydroxyphenylethyleneglycol",0.000324657215800005,0.619
"C06222","Sedoheptulose 1-phosphate",-0.000241933533341649,0.461
"C03715","O-Alkylglycerone phosphate",0.000183228089941316,0.824
"C04708","1-(beta-D-Galactosyl)-2-(2-hydroxyacyl)sphingosine",-6.90080788842435e-08,0.554
"C02415","Histone-L-lysine",-0.000127177394401796,0.455
"C20658","O-Acetyl-ADP-ribose",-0.000127177394401796,0.455
"C03232","3-Phosphonooxypyruvate",-0.00296269280553225,0.027
"C05490","11-Dehydrocorticosterone",6.54009218600099e-05,0.583
"C00533","Nitric oxide",-0.00724918683576762,0.002
"C16300","Stearidonic acid",0.144651664069756,1
"C16163","(6Z,9Z,12Z,15Z)-Octadecatetraenoyl-CoA",0.0335160891558285,1
"C21935","(6Z,9Z)-Octadecadienoyl-CoA",-1.46361185394301e-05,0.584
"C21943","Sapienoyl-CoA",-0.000549292186894224,0.222
"C06148","2,5-Diamino-6-(5'-triphosphoryl-3',4'-trihydroxy-2'-oxopentyl)-amino-4-oxopyrimidine",-0.000304343142982244,0.5
"C18043","Cholesterol sulfate",0.000113771987468097,0.602
"C18044","3beta-Hydroxypregn-5-en-20-one sulfate",-6.16867882981061e-05,0.536
"C13051","Nicotinic acid adenine dinucleotide phosphate",-0.00223989381093618,0.373
"C15670","Heme A",0.00294129864730134,0.881
"C03373","Aminoimidazole ribotide",-0.00359360312580939,0.219
"C05643","6-Hydroxymelatonin",-0.00185598512883998,0.351
"C14849","Benzo[a]pyrene-9,10-oxide",-0.00417976118968098,0.05
"C14853","Benzo[a]pyrene-7,8-dihydrodiol-9,10-oxide",-0.00126871919021103,0.368
"C19559","(1aalpha,2beta,3alpha,11calpha)-1a,2,3,11c-Tetrahydro-6,11-dimethylbenzo[6,7]phenanthro[3,4-b]oxirene-2,3-diol",-0.000452956788532946,0.509
"C05956","Prostaglandin G2",0.0080432090818534,0.946
"C00490","Itaconate",-0.000276300768573517,0.42
"C00822","Dopaquinone",-0.000599398193159415,0.468
"C06213","N-Methyltryptamine",-0.00094771055095358,0.397
"C06212","N-Methylserotonin",-0.000334932038168321,0.397
"C04377","5,10-Methylenetetrahydromethanopterin",-0.000432423689343594,0.34
"C05840","Iminoaspartate",-0.000508348360151414,0.057
"C05285","Adrenosterone",0.000748560520941805,0.826
"C05341","beta-Alanyl-L-lysine",-0.00188261016385389,0.305
"C05340","beta-Alanyl-L-arginine",-0.00857674116600067,0.041
"C07446","Isonicotinic acid",0.000178068670114467,0.655
"C08362","(9Z)-Hexadecenoic acid",-1.32249839850174e-05,0.588
"C05770","Coproporphyrin III",-8.51461794098903e-05,0.545
"C05831","3-Methoxyanthranilate",-0.0016662562002278,0.331
"C05659","5-Methoxytryptamine",-0.00051679337046361,0.391
"C02288","Reduced insulin",0.000212138474829387,0.633
"C02763","2-Hydroxy-3-phenylpropenoate",-0.000242547148770111,0.378
"C05350","2-Hydroxy-3-(4-hydroxyphenyl)propenoate",-0.000256892257681623,0.393
"C02000","Alkyl sulfate",2.55253530257207e-05,0.577
"C19595","Aflatoxin B1-endo-8,9-epoxide",-0.000628054434865947,0.364
"C05647","Formyl-5-hydroxykynurenamine",-0.000334932038168321,0.397
"C05642","Formyl-N-acetyl-5-methoxykynurenamine",-0.00129280619085248,0.402
"C04717","(9Z,11E)-(13S)-13-Hydroperoxyoctadeca-9,11-dienoic acid",0.00124516218784283,0.727
"C06054","2-Oxo-3-hydroxy-4-phosphobutanoate",-0.00144113235980726,0.313
"C16542","APC",0.000718784990380048,0.662
"C12518","Glutaral",-0.000119121950220092,0.525
"C16576","Norcodeine",-0.000281264201242328,0.42
"C19585","Aflatoxin Q1",-0.000628054434865947,0.364
"C01829","Thyroxine",-0.000694867471704906,0.449
"C02465","Triiodothyronine",-0.000204910901977805,0.522
"C14801","1-Nitro-5,6-dihydroxy-dihydronaphthalene",-5.68578436118417e-05,0.482
"C14844","Bromobenzene-3,4-dihydrodiol",-2.92522739619475e-05,0.549
"C14842","Bromobenzene-2,3-dihydrodiol",-9.58711604592822e-05,0.486
"C19588","Aflatoxin B1 diol",-0.000638659178511395,0.378
"C19607","trans-5,6-Dihydro-5,6-dihydroxy-7,12-dimethylbenz[a]anthracene",-2.07442886796429e-05,0.533
"C16330","3-Oxo-OPC8-CoA",-9.56026840087245e-05,0.454
"C16334","3-Oxo-OPC6-CoA",-9.56026840087245e-05,0.454
"C16338","3-Oxo-OPC4-CoA",-0.000107347578139528,0.454
"C16620","6-Methylthioguanosine monophosphate",-0.000525173874988513,0.48
"C05640","Cinnavalininate",-0.00143535472223711,0.334
"C18038","7alpha-Hydroxypregnenolone",3.75853437126819e-05,0.602
"C04144","Tetrahydropteroyltri-L-glutamate",-0.00177039906569533,0.201
"C01802","Desmosterol",1.55473853376534e-05,0.57
"C05109","24,25-Dihydrolanosterol",-0.000105853703990195,0.487
"C15915","4,4-Dimethyl-5alpha-cholesta-8-en-3beta-ol",0.000406550854838784,0.605
"C00561","Mandelonitrile",-9.4753455394854e-05,0.541
"C08325","Amygdalin",-0.000153777799600327,0.524
"C05712","Cyanohydrin",-3.92725577884309e-05,0.521
"C05838","cis-2-Hydroxycinnamate",-7.57638393454821e-05,0.549
"C03742","(S)-4-Hydroxymandelonitrile",0.000272229590542798,0.594
"C18796","(2R)-2-Hydroxy-2-methylbutanenitrile",-1.41915639576333e-05,0.572
"C02659","Acetone cyanohydrin",-8.64570477673312e-05,0.559
"C00603","(S)-Ureidoglycolate",-0.00162881132360365,0.144
