"pathway","score","p","absscore","absp"
"Arginine and proline metabolism",-0.191975185626068,0,0.191975185626068,0.957
"Carbapenem biosynthesis",-0.0403063997321038,0.092,0.0403063997321038,0.57
"Prodigiosin biosynthesis",-0.00231089707778858,0.309,0.00231089707778858,0.312
"Novobiocin biosynthesis",-0.00650747029106532,0.347,0.00650747029106532,0.221
"Staurosporine biosynthesis",-0.0057415656804083,0.349,0.00579062142400061,0.092
"D-Amino acid metabolism",-0.163270552284359,0.001,0.163319608027951,0.926
"Aminoacyl-tRNA biosynthesis",-0.140103315301314,0.002,0.140152371044907,0.934
"Metabolic pathways",-0.0904126722911694,0.307,1.93166041180205,0
"Biosynthesis of secondary metabolites",0.0703897556087413,0.678,0.886079729571257,0.571
"Biosynthesis of amino acids",-0.24899383570619,0.001,0.249120752648325,0.68
"ABC transporters",-0.198224237548706,0.002,0.217837926638278,0.182
"Protein digestion and absorption",-0.140862506808379,0,0.149429481580939,0.84
"Mineral absorption",-0.0330537788455167,0.109,0.0335864230650561,0.105
"Central carbon metabolism in cancer",-0.167997380245209,0.003,0.169077935990038,0.737
"Glycine, serine and threonine metabolism",-0.0696162557965874,0.075,0.0936676874829139,0.562
"One carbon pool by folate",-0.0155709909991566,0.34,0.0155709909991566,0.128
"Methane metabolism",-0.0768146549564049,0.062,0.0784532734128239,0.027
"Carbon fixation pathways in prokaryotes",-0.0374997103680741,0.297,0.0860474226244611,0.077
"Folate biosynthesis",-0.0222693741286161,0.376,0.039526919555004,0.022
"Microbial metabolism in diverse environments",-0.184635269015245,0.069,0.357293243973549,0.001
"Carbon metabolism",-0.140710654680448,0.078,0.189528527877309,0.018
"Biosynthesis of cofactors",-0.202044492257215,0.036,0.279860715701431,0
"Antifolate resistance",-0.028446042868128,0.222,0.028446042868128,0.152
"Pentose and glucuronate interconversions",-0.0161934183988842,0.356,0.0412992808493563,0.109
"Ascorbate and aldarate metabolism",-0.0205821525066534,0.287,0.0442171652088726,0.194
"Amino sugar and nucleotide sugar metabolism",-0.0324174997119821,0.359,0.0576467561985537,0.007
"O-Antigen nucleotide sugar biosynthesis",-0.00985638890073972,0.441,0.0342343825085196,0.095
"Biosynthesis of nucleotide sugars",-0.0335781798528986,0.33,0.0588074363394702,0.015
"Steroid hormone biosynthesis",0.131994032132782,0.851,0.134423798897157,0.038
"Ovarian steroidogenesis",0.186991170283534,1,0.186991170283534,0.999
"Prolactin signaling pathway",0.00585115559966048,0.619,0.0224876860679188,0.032
"Progesterone, androgen and estrogen receptor agonists/antagonists",0.0157509171388853,0.768,0.0157509171388853,0.203
"Porphyrin metabolism",-0.0299842355663145,0.306,0.0442024111901166,0.193
"Bile secretion",-0.031462179351642,0.229,0.0873329280633877,0.004
"Steroid degradation",0.0354070614374996,0.961,0.0354070614374996,0.893
"Endocrine resistance",0.0210925012981152,0.896,0.0210925012981152,0.742
"GnRH secretion",0.00428806932256386,0.677,0.0174707117520122,0.583
"Pathways in cancer",0.0362532977758309,0.845,0.0665571082138659,0.473
"Prostate cancer",0.0321449291005463,0.848,0.0322968000049586,0.363
"Retinol metabolism",0.0264341873246627,0.769,0.0286696745266622,0.419
"Th17 cell differentiation",0.00556718888617766,0.742,0.00915369469870742,0.548
"Intestinal immune network for IgA production",0.00736044179244254,0.808,0.00736044179244254,0.599
"Small cell lung cancer",0.00732610758375337,0.809,0.00739477600113171,0.59
"Non-small cell lung cancer",0.00553285467748849,0.74,0.0091880289073966,0.535
"Gastric cancer",0.00732610758375337,0.809,0.00739477600113171,0.59
"Thermogenesis",0.0069049371206479,0.654,0.0315024299799302,0.311
"Estrogen signaling pathway",-0.0122326698253609,0.062,0.0154483462756227,0.778
"Endocrine and other factor-regulated calcium reabsorption",-0.000185414681133986,0.54,0.00340109113139578,0.259
"Chemical carcinogenesis - receptor activation",-0.0238543913201442,0.195,0.0294531950802463,0.088
"Chemical carcinogenesis - reactive oxygen species",-0.0275305540602962,0.228,0.0403263520512656,0.316
"Breast cancer",0.00276506767136189,0.634,0.00283373608874024,0.075
"Chloroalkane and chloroalkene degradation",-0.0171491112601109,0.209,0.0171491112601109,0.055
"Metabolism of xenobiotics by cytochrome P450",-0.0672676795310001,0.288,0.0755978612696987,0.001
"Hypnotics",-0.00023743777447135,0.529,0.00023743777447135,0.058
"Drug metabolism - other enzymes",-0.0592930299900079,0.265,0.0649551692640004,0.022
"Isoquinoline alkaloid biosynthesis",-0.00934537383177064,0.431,0.0101166408254109,0.012
"Drug metabolism - cytochrome P450",-0.00606460467621094,0.502,0.0135133214063449,0.004
"Biosynthesis of alkaloids derived from shikimate pathway",-0.0766598644285582,0.125,0.0818583149233967,0.003
"Neuroactive ligand-receptor interaction",-0.0544600059680044,0.145,0.114156956770901,0.122
"Chemical carcinogenesis - DNA adducts",-0.0479241628530887,0.278,0.050493186475074,0.04
"Taurine and hypotaurine metabolism",-0.0849719108168242,0.037,0.0853658787998158,0.479
"Purine metabolism",-0.184417868628923,0.023,0.195862441755381,0.34
"Nucleotide metabolism",-0.0879659293131452,0.202,0.0956068699935215,0.017
"Pyrimidine metabolism",-0.0593167271436581,0.266,0.0682148484727915,0.015
"Cysteine and methionine metabolism",-0.116467904722891,0.014,0.116467904722891,0.526
"Glutathione metabolism",-0.0744024192612923,0.036,0.0828005729766487,0.495
"Ferroptosis",0.0698013729172219,0.967,0.156287483303728,0.992
"Thyroid hormone synthesis",-0.0157860756562997,0.339,0.0241842293716561,0.091
"Diabetic cardiomyopathy",-0.0332823834232624,0.2,0.0585437249613296,0.133
"Arachidonic acid metabolism",0.341330568807028,0.999,0.341330568807028,0.999
"Serotonergic synapse",0.229827022594304,0.997,0.257961521508649,0.995
"Eicosanoids",0.149023195269034,0.999,0.149023195269034,0.999
"Inflammatory mediator regulation of TRP channels",0.137784544852852,1,0.147111410083249,1
"Arginine biosynthesis",-0.145644858760903,0,0.145644858760903,0.997
"2-Oxocarboxylic acid metabolism",-0.0952677096479832,0.054,0.095345570846526,0.346
"Ether lipid metabolism",0.00907210271610316,0.769,0.00983611880031295,0.266
"Citrate cycle (TCA cycle)",-0.0439222182473151,0.216,0.0483027994603775,0.104
"Valine, leucine and isoleucine degradation",0.0592917029442046,0.862,0.0816371148197047,0.456
"Phenylalanine metabolism",-0.0254239115412969,0.254,0.0294372480204065,0.041
"Benzoate degradation",-0.00911753543345052,0.409,0.0204330975551278,0.104
"Toluene degradation",0.00147292134905205,0.74,0.00187615986277428,0.453
"Naphthalene degradation",0.000901171218858667,0.628,0.00244790999296767,0.104
"Glyoxylate and dicarboxylate metabolism",-0.0671813067524445,0.157,0.0997095658236984,0.206
"Propanoate metabolism",0.00745058355588948,0.608,0.0534252585372276,0.18
"Butanoate metabolism",-0.0492988365038415,0.164,0.0701828596805065,0.467
"Biosynthesis of plant secondary metabolites",-0.0531829372001986,0.319,0.450380093608389,0.908
"Biosynthesis of phenylpropanoids",-0.0607990652341287,0.131,0.0651796464471912,0.04
"Biosynthesis of alkaloids derived from ornithine, lysine and nicotinic acid",-0.154569819024254,0.001,0.158950400237316,0.814
"Biosynthesis of alkaloids derived from histidine and purine",-0.0661618937326934,0.097,0.0718354134419397,0.05
"Biosynthesis of alkaloids derived from terpenoid and polyketide",-0.0374913155049602,0.241,0.0519492247593892,0.012
"Biosynthesis of plant hormones",0.105633185307829,0.928,0.268707950448479,0.971
"Degradation of aromatic compounds",-0.0161433692035404,0.345,0.0450928094554796,0.129
"Lysine degradation",-0.0315654138413505,0.314,0.0422707014695425,0.029
"Tyrosine metabolism",-0.0540717148357683,0.328,0.0573020615359843,0.006
"Styrene degradation",-0.00221365692211847,0.508,0.0134510842041122,0.17
"Two-component system",-0.0539515631996567,0.06,0.0575622378458367,0.316
"Galactose metabolism",-0.00961347624943312,0.466,0.0195338137543335,0.003
"Starch and sucrose metabolism",-0.00581274722588031,0.477,0.00756485588210824,0.009
"Carbon fixation in photosynthetic organisms",-0.0438164870831562,0.152,0.0448479870843923,0.157
"AMPK signaling pathway",-0.00801502759340238,0.396,0.0370680214734434,0.333
"Glucagon signaling pathway",-0.0401136763932855,0.195,0.0597183757852469,0.184
"Insulin resistance",-0.0184979579731059,0.281,0.0377763603868377,0.209
"Glycolysis / Gluconeogenesis",-0.0344454569828755,0.231,0.0348394249658672,0.005
"Pentose phosphate pathway",-0.0521168970708344,0.209,0.0521168970708344,0.031
"Fructose and mannose metabolism",-0.0350528779850177,0.253,0.0350528779850177,0.187
"Clavulanic acid biosynthesis",-0.0562605604982929,0,0.0562605604982929,1
"Inositol phosphate metabolism",-0.0149957718677729,0.374,0.0311642293040957,0.166
"Thiamine metabolism",-0.0364209608082688,0.147,0.0364209608082688,0.209
"Vitamin B6 metabolism",-0.0159505325934815,0.204,0.0159505325934815,0.283
"Terpenoid backbone biosynthesis",-0.00108908366479464,0.566,0.0295841163824608,0.016
"Biosynthesis of terpenoids and steroids",-0.0435476308100067,0.289,0.0584533402271172,0.005
"Lipopolysaccharide biosynthesis",-0.0049347985877172,0.328,0.0049347985877172,0.177
"Biosynthesis of various other secondary metabolites",-0.100887792552441,0.031,0.104522926582939,0.281
"Biosynthesis of various antibiotics",-0.154941035352252,0,0.15857616938275,0.867
"Biosynthesis of ansamycins",-0.00283997511929256,0.378,0.00379453932722677,0.222
"Phosphonate and phosphinate metabolism",-0.0282428980458221,0.164,0.0317750040434372,0.152
"Alanine, aspartate and glutamate metabolism",-0.0914821420787675,0.044,0.097648647188503,0.628
"Monobactam biosynthesis",-0.0788376631503588,0,0.0788376631503588,0.988
"Lysine biosynthesis",-0.028747705589933,0.178,0.0288255667884758,0.222
"Histidine metabolism",-0.0549130946373287,0.177,0.0628682628068611,0.204
"beta-Alanine metabolism",-0.0300708895503767,0.311,0.0684285448879646,0.146
"Cyanoamino acid metabolism",-0.0310408252887475,0.194,0.0319331233756481,0.037
"Nicotinate and nicotinamide metabolism",-0.0435289922218446,0.152,0.050370846876295,0.327
"Pantothenate and CoA biosynthesis",-0.0447545743875427,0.235,0.0515268307628336,0.099
"Biosynthesis of various plant secondary metabolites",-0.0354934902923789,0.192,0.0379555692731388,0.043
"Bacterial chemotaxis",-0.00702554932190083,0.051,0.00702554932190083,0.802
"Furfural degradation",-0.0116210147890623,0.19,0.0116210147890623,0.643
"C5-Branched dibasic acid metabolism",-0.0412563947083068,0.135,0.0600148990939693,0.594
"HIF-1 signaling pathway",-0.0360297790006815,0.098,0.0360297790006815,0.315
"GABAergic synapse",-0.0439207343164344,0.045,0.0439207343164344,0.83
"Proximal tubule bicarbonate reclamation",-0.0429298853245075,0.054,0.0439613853257436,0.668
"Phenylalanine, tyrosine and tryptophan biosynthesis",-0.0280234345440309,0.154,0.0280234345440309,0.139
"Phenylpropanoid biosynthesis",-0.00866461325406327,0.306,0.00866461325406327,0.228
"Tropane, piperidine and pyridine alkaloid biosynthesis",-0.0201748198855876,0.173,0.0201748198855876,0.158
"Glucosinolate biosynthesis",-0.0159470054249686,0.253,0.0159470054249686,0.157
"Biosynthesis of various alkaloids",-0.0145971822599702,0.3,0.015210888957686,0.022
"Ubiquinone and other terpenoid-quinone biosynthesis",-0.00509814531326975,0.43,0.00542166546606435,0.044
"Betalain biosynthesis",-0.00683185063442305,0.42,0.00683185063442305,0.089
"Biosynthesis of vancomycin group antibiotics",-0.00486627986184248,0.377,0.00486627986184248,0.206
"Biosynthesis of enediyne antibiotics",-0.00479976803876454,0.331,0.00479976803876454,0.214
"Dopaminergic synapse",-0.00890781901301799,0.424,0.00890781901301799,0.053
"Melanogenesis",-0.00520334056855563,0.325,0.00520334056855563,0.292
"Parkinson disease",-0.0128012890688595,0.328,0.0128031466925316,0.135
"Cocaine addiction",-0.0286161609010972,0.151,0.0286161609010972,0.48
"Amphetamine addiction",-0.0286161609010972,0.151,0.0286161609010972,0.48
"Alcoholism",-0.0333276250384995,0.113,0.0333276250384995,0.509
"Penicillin and cephalosporin biosynthesis",-0.00471600055409903,0.307,0.00471600055409903,0.215
"Sulfur metabolism",-0.0228885738360664,0.217,0.0242365251367292,0.038
"Sulfur relay system",-0.00640638972063089,0.436,0.0132052105323296,0.085
"Pyruvate metabolism",-0.0325913778654487,0.241,0.0425728790257829,0.056
"cAMP signaling pathway",-0.0129293748116615,0.345,0.0375228977969147,0.375
"Glycosylphosphatidylinositol (GPI)-anchor biosynthesis",-0.00520768036661172,0.383,0.0138211567033078,0.325
"Glycerophospholipid metabolism",0.140214392364711,0.997,0.157323376060666,0.998
"Sphingolipid metabolism",-0.0277900777544108,0.255,0.0480164426290165,0.423
"Cationic antimicrobial peptide (CAMP) resistance",-0.000849609843120234,0.439,0.000849609843120234,0.186
"Sphingolipid signaling pathway",-0.0161718438929754,0.288,0.0342260721239207,0.421
"Teichoic acid biosynthesis",0.0203496122321094,0.89,0.0239853138612737,0.657
"Choline metabolism in cancer",0.104851110632313,1,0.104919779049692,0.999
"Dioxin degradation",-0.0149269115213032,0.218,0.0149269115213032,0.251
"Xylene degradation",-0.00334382156398176,0.477,0.0217083579666526,0.353
"Alcoholic liver disease",0.00548131548081745,0.666,0.0134858518928995,0.295
"Phosphatidylinositol signaling system",0.000699369762112773,0.575,0.0289823311251359,0.471
"Glycerolipid metabolism",0.0288466430016939,0.856,0.0377781726607529,0.631
"Glycosaminoglycan biosynthesis - chondroitin sulfate / dermatan sulfate",0.000308612838717977,0.566,0.000788239846617162,0.01
"Glycosaminoglycan biosynthesis - heparan sulfate / heparin",0.000434162146381803,0.555,0.000913789154280988,0
"Phosphotransferase system (PTS)",-0.0260351228642749,0.281,0.0267312448654757,0.009
"Tryptophan metabolism",-0.0870142552993801,0.19,0.0949529975986326,0.036
"Fatty acid biosynthesis",-0.0098398328074487,0.388,0.0111312576354639,0.07
"Fatty acid elongation",0.00243631474644397,0.568,0.0343254890340617,0.101
"Tetracycline biosynthesis",-0.000247287457520002,0.447,0.000247287457520002,0.198
"Aflatoxin biosynthesis",-0.00618757400378282,0.397,0.00618757400378282,0.114
"Biosynthesis of 12-, 14- and 16-membered macrolides",0.00998627801398752,0.847,0.0104808529290275,0.677
"Biosynthesis of type II polyketide backbone",0.00601768031268776,0.665,0.0124817277568085,0.307
"Fatty acid metabolism",0.113839496522894,0.927,0.165533236363066,0.798
"Adipocytokine signaling pathway",0.0172892456174747,0.96,0.0178756289824958,0.937
"Fat digestion and absorption",0.0251765809979446,0.967,0.0251765809979446,0.929
"Phospholipase D signaling pathway",-0.0114678838955518,0.261,0.036432695460935,0.774
"Endocytosis",8.38366546804328e-05,0.577,0.000152505072058777,0.047
"PI3K-Akt signaling pathway",-0.00727709038374203,0.008,0.00728995170517155,0.95
"Focal adhesion",-2.79035479744086e-05,0.546,4.07648694039351e-05,0.031
"Fc gamma R-mediated phagocytosis",0.10178930528701,1,0.105444479516918,1
"Leukocyte transendothelial migration",6.43066071476326e-06,0.561,6.43066071476326e-06,0.009
"Cholinergic synapse",0.00174216111863063,0.594,0.0112981394602411,0.221
"Regulation of actin cytoskeleton",0.00215463608060058,0.836,0.00247338041099479,0.496
"Shigellosis",-0.00278122008670011,0.289,0.00312599762767281,0.456
"Yersinia infection",-0.00182115645423929,0.33,0.00183401777566882,0.437
"EGFR tyrosine kinase inhibitor resistance",-3.43342086891719e-05,0.504,3.43342086891719e-05,0.113
"ErbB signaling pathway",-0.00182758711495405,0.261,0.00182758711495405,0.56
"Ras signaling pathway",-0.00182758711495405,0.261,0.00182758711495405,0.56
"Chemokine signaling pathway",-0.00182758711495405,0.261,0.00182758711495405,0.56
"FoxO signaling pathway",-0.0232680832511398,0.079,0.0232680832511398,0.698
"Autophagy - animal",0.00433712269787852,0.873,0.00440579111525687,0.709
"mTOR signaling pathway",-0.0545422181791069,0,0.0545422181791069,1
"Apoptosis",4.11241486699505e-06,0.555,7.27808322453388e-05,0.002
"Longevity regulating pathway",-0.00249957894943252,0.472,0.00249957894943252,0.049
"Longevity regulating pathway - worm",-0.00249957894943252,0.472,0.00249957894943252,0.049
"Longevity regulating pathway - multiple species",-3.43342086891719e-05,0.504,3.43342086891719e-05,0.113
"Cellular senescence",-3.43342086891719e-05,0.504,3.43342086891719e-05,0.113
"VEGF signaling pathway",-0.00726871035730687,0.06,0.0108848375441365,0.89
"Platelet activation",0.11333025567144,0.995,0.131483803572884,0.995
"Neutrophil extracellular trap formation",-0.00182758711495405,0.261,0.00182758711495405,0.56
"Natural killer cell mediated cytotoxicity",-0.00182758711495405,0.261,0.00182758711495405,0.56
"T cell receptor signaling pathway",-0.00182758711495405,0.261,0.00182758711495405,0.56
"B cell receptor signaling pathway",-0.00182758711495405,0.261,0.00182758711495405,0.56
"Fc epsilon RI signaling pathway",0.103240433176807,1,0.106895607406715,1
"Neurotrophin signaling pathway",0.00122835324501069,0.665,0.0048835274749188,0.599
"Insulin signaling pathway",-0.00114538068785051,0.522,0.00114538068785051,0.095
"Progesterone-mediated oocyte maturation",0.00103219148972306,0.622,0.00135093582011728,0.113
"Thyroid hormone signaling pathway",-0.00272736548863677,0.399,0.00272736548863677,0.104
"Relaxin signaling pathway",-0.00907677395072167,0.024,0.00907677395072167,0.892
"Aldosterone-regulated sodium reabsorption",0.000227599575281078,0.536,0.000379470479693362,0
"Carbohydrate digestion and absorption",0.000979599081319325,0.569,0.00699055919625754,0.014
"Alzheimer disease",-0.009012055212502,0.037,0.00914149268894135,0.876
"Salmonella infection",0.00075412108080007,0.686,0.00107286541119429,0.36
"Chagas disease",-0.0630216470500232,0,0.0630216470500232,1
"Toxoplasmosis",-3.43342086891719e-05,0.504,3.43342086891719e-05,0.113
"Hepatitis C",-3.43342086891719e-05,0.504,3.43342086891719e-05,0.113
"Measles",-3.43342086891719e-05,0.504,3.43342086891719e-05,0.113
"Human cytomegalovirus infection",0.00222357443173931,0.755,0.00587874866164742,0.632
"Influenza A",-3.43342086891719e-05,0.504,3.43342086891719e-05,0.113
"Human papillomavirus infection",0.00401682733800419,0.887,0.00408549575538254,0.742
"Human T-cell leukemia virus 1 infection",-3.43342086891719e-05,0.504,3.43342086891719e-05,0.113
"Kaposi sarcoma-associated herpesvirus infection",0.00163037654561646,0.739,0.00528555077552457,0.703
"Herpes simplex virus 1 infection",-3.43342086891719e-05,0.504,3.43342086891719e-05,0.113
"Epstein-Barr virus infection",-0.00182758711495405,0.261,0.00182758711495405,0.56
"Human immunodeficiency virus 1 infection",-0.00182758711495405,0.261,0.00182758711495405,0.56
"Colorectal cancer",-3.43342086891719e-05,0.504,3.43342086891719e-05,0.113
"Pancreatic cancer",0.00544892207513351,1,0.00551759049251186,1
"Endometrial cancer",-3.43342086891719e-05,0.504,3.43342086891719e-05,0.113
"Glioma",-0.00182758711495405,0.261,0.00182758711495405,0.56
"Melanoma",-3.43342086891719e-05,0.504,3.43342086891719e-05,0.113
"Chronic myeloid leukemia",-3.43342086891719e-05,0.504,3.43342086891719e-05,0.113
"Acute myeloid leukemia",-3.43342086891719e-05,0.504,3.43342086891719e-05,0.113
"Hepatocellular carcinoma",-0.0120323242324441,0.134,0.0120323242324441,0.595
"PD-L1 expression and PD-1 checkpoint pathway in cancer",-0.00182758711495405,0.261,0.00182758711495405,0.56
"Lipid and atherosclerosis",0.000274217029705065,0.572,0.00392939125961317,0.212
"Gap junction",-0.0378807689242889,0.051,0.0410258236467038,0.652
"Vitamin digestion and absorption",0.00351764995627815,0.593,0.0391822029467069,0.059
"Pathogenic Escherichia coli infection",0.00503049102177799,0.951,0.00503049102177799,0.92
"Steroid biosynthesis",0.0111786824813798,0.587,0.0174978702267034,0.001
"Peptidoglycan biosynthesis",-0.000794708382870849,0.551,0.00277042333955199,0.102
"Carotenoid biosynthesis",0.00240723438352173,0.627,0.00240723438352173,0.026
"Sesquiterpenoid and triterpenoid biosynthesis",0.00548117442175458,0.68,0.00584799992185471,0.071
"Insect hormone biosynthesis",0.0104805013981392,0.745,0.0104805013981392,0.112
"Naphthalene family",-0.000428098546480476,0.474,0.000428098546480476,0.175
"Asthma",0.00844029398186572,0.816,0.00844029398186572,0.292
"N-Glycan biosynthesis",-0.00562245879628206,0.326,0.00562245879628206,0.399
"Linoleic acid metabolism",0.18558548781605,0.999,0.187617227426323,0.997
"Biosynthesis of unsaturated fatty acids",0.413154242693978,1,0.431814998448685,1
"Necroptosis",0.106086043965973,1,0.106086043965973,1
"Vascular smooth muscle contraction",0.12519478018039,1,0.159875320614717,1
"Retrograde endocannabinoid signaling",0.156717956386589,1,0.214146003942616,1
"Long-term depression",0.0738357931877476,1,0.136166077798391,1
"Phototransduction - fly",0.0970677747713509,1,0.100654280583881,1
"GnRH signaling pathway",0.101674894895165,1,0.105261400707695,1
"Oxytocin signaling pathway",0.110798410232353,0.99,0.129355054642246,0.994
"Regulation of lipolysis in adipocytes",0.0984137039999358,0.998,0.122600305274658,1
"Aldosterone synthesis and secretion",0.0981818979026299,0.995,0.10176840371516,0.989
"Leishmaniasis",0.103501654903961,1,0.118000028575497,1
"Amoebiasis",0.0447075885384302,0.979,0.170682214221098,1
"Quorum sensing",-0.0164193408849537,0.193,0.0164193408849537,0.391
"C-type lectin receptor signaling pathway",-0.00116277241701468,0.503,0.00926509551040141,0.448
"Synaptic vesicle cycle",-0.040981859913076,0.068,0.0436958431134185,0.464
"Morphine addiction",-0.01122922451418,0.111,0.01122922451418,0.557
"Neomycin, kanamycin and gentamicin biosynthesis",-0.0253025006437515,0.112,0.0262570648516857,0.502
"Zeatin biosynthesis",-0.00920034374926825,0.287,0.0114250910843626,0.173
"Flavone and flavonol biosynthesis",-0.000307876256066069,0.458,0.000307876256066069,0.213
"Legionellosis",-0.000757546433199047,0.295,0.000757546433199047,0.497
"Glycosaminoglycan degradation",1.9393479800126e-05,0.566,1.9393479800126e-05,0.019
"Malaria",-0.00722979335596749,0.001,0.00726858031556774,0.97
"Calcium signaling pathway",-0.00407969377586003,0.382,0.0044583645843695,0.09
"Apelin signaling pathway",-0.00890012580221294,0.171,0.00918475368185206,0.527
"Tuberculosis",0.00105580718581674,0.614,0.00105580718581674,0.037
"Nitrogen metabolism",-0.0435218072628931,0.012,0.0438056143739029,0.893
"Circadian entrainment",-0.0319856266272073,0.039,0.0319856266272073,0.793
"Long-term potentiation",-0.0239159554695542,0.045,0.0239159554695542,0.873
"Glutamatergic synapse",-0.0276036259726301,0.034,0.0276036259726301,0.866
"Taste transduction",-0.0370266388703562,0.068,0.040224361320544,0.299
"Amyotrophic lateral sclerosis",-0.0832520437601388,0,0.0833814812365781,0.999
"Huntington disease",-0.0238512367313345,0.046,0.0239806742077739,0.868
"Spinocerebellar ataxia",-0.0238512367313345,0.046,0.0239806742077739,0.868
"Pathways of neurodegeneration - multiple diseases",-0.0872319364523649,0,0.0888314743765552,0.998
"Nicotine addiction",-0.0261857206478732,0.036,0.0276558210956241,0.926
"Streptomycin biosynthesis",-0.00422608633859349,0.435,0.00422608633859349,0.072
"PPAR signaling pathway",0.00416656479821585,0.957,0.00416656479821585,0.93
"Cholesterol metabolism",0.00310655986183079,0.616,0.0132625411111003,0.186
"alpha-Linolenic acid metabolism",0.392371528124135,1,0.393422458717374,1
"Autophagy - other",0.0043714569065677,0.89,0.0043714569065677,0.751
"Autophagy - yeast",0.0043714569065677,0.89,0.0043714569065677,0.751
"Valine, leucine and isoleucine biosynthesis",-0.0204701028007989,0.209,0.0204701028007989,0.23
"Vancomycin resistance",-0.0272913294258611,0.101,0.0272913294258611,0.529
"Insulin secretion",-0.0065758446429394,0.359,0.018525739580006,0.378
"Type II diabetes mellitus",-0.00475417411649339,0.395,0.0152339686058091,0.432
"Fatty acid degradation",-0.0131218314519311,0.452,0.036512545339011,0.042
"Prostaglandins",0.0127628018358719,0.888,0.0127628018358719,0.768
"Arabinogalactan biosynthesis - Mycobacterium",-0.00178256586121142,0.292,0.00178256586121142,0.502
"Pinene, camphor and geraniol degradation",0.0164097571499344,0.798,0.024807635945217,0.633
"HMG-CoA reductase inhibitors",0.00337522331168827,0.859,0.00337522331168827,0.714
"Primary bile acid biosynthesis",-0.0207348770744682,0.425,0.0327833132413342,0.006
"Biofilm formation - Escherichia coli",-0.00712992666132409,0.13,0.00712992666132409,0.745
"Ethylbenzene degradation",0.000234571805823721,0.559,0.00660728284862667,0.312
"Caffeine metabolism",-0.00848865213093432,0.431,0.00848865213093432,0.008
"Cutin, suberine and wax biosynthesis",-0.00103243694029019,0.496,0.00130394955375582,0.07
"Indole alkaloid biosynthesis",-0.00756852230098818,0.394,0.00756852230098818,0.109
"Meiosis - yeast",-0.00111104647916134,0.521,0.00111104647916134,0.125
"Non-alcoholic fatty liver disease",0.00412885076549651,0.736,0.00635094372381919,0.354
"AGE-RAGE signaling pathway in diabetic complications",0.000151640974538515,0.581,0.00596023974539097,0.237
"Biofilm formation - Vibrio cholerae",-0.00187451432321791,0.49,0.00187451432321791,0.092
"African trypanosomiasis",-0.00900308804356505,0.284,0.0227666670067424,0.656
"Selenocompound metabolism",-0.0477644862332468,0.058,0.0477644862332468,0.712
"Lysosome",-0.00145650836694188,0.329,0.00145650836694188,0.407
"Phenazine biosynthesis",-0.00217141025863755,0.282,0.00263023325333453,0.49
"Lipoic acid metabolism",0.000229411497348489,0.665,0.000229411497348489,0.191
"Secondary bile acid biosynthesis",-0.00532571198302608,0.434,0.00672139683313402,0.076
"MAPK signaling pathway",-0.00179325290626488,0.243,0.00179325290626488,0.591
"cGMP-PKG signaling pathway",-0.0136419880142411,0.008,0.0136419880142411,0.916
"NF-kappa B signaling pathway",-0.00179325290626488,0.243,0.00179325290626488,0.591
"Oocyte meiosis",-0.000601689251344715,0.506,0.00298481656118505,0.198
"Adrenergic signaling in cardiomyocytes",-0.00928700527141761,0.305,0.00928700527141761,0.337
"Osteoclast differentiation",-0.00179325290626488,0.243,0.00179325290626488,0.591
"NOD-like receptor signaling pathway",-0.0098527108102873,0.014,0.0098527108102873,0.892
"Th1 and Th2 cell differentiation",-0.00179325290626488,0.243,0.00179325290626488,0.591
"Renin secretion",-0.0170845788327004,0.16,0.0251869019260872,0.661
"Cortisol synthesis and secretion",0.00306366604125624,0.597,0.00665017185378601,0.004
"Parathyroid hormone synthesis, secretion and action",-0.00179325290626488,0.243,0.00179325290626488,0.591
"Cushing syndrome",0.00306366604125624,0.597,0.00665017185378601,0.004
"Growth hormone synthesis, secretion and action",-0.00179325290626488,0.243,0.00179325290626488,0.591
"Salivary secretion",-0.0122415541839932,0.098,0.0137116546317441,0.675
"Gastric acid secretion",-0.000436261306093628,0.522,0.00315024450643614,0.158
"Pancreatic secretion",-0.00353397895623932,0.33,0.00500407940399021,0.309
"Vibrio cholerae infection",-0.00179325290626488,0.243,0.00179325290626488,0.591
"Renal cell carcinoma",-0.00551778002416082,0.264,0.00654928002539692,0.519
"Riboflavin metabolism",-0.000865987353435781,0.442,0.000890939618812577,0.054
"Aminobenzoate degradation",-0.0110788869833152,0.35,0.0143351143982375,0.261
"Chlorocyclohexane and chlorobenzene degradation",-0.00229994036470317,0.385,0.00229994036470317,0.204
"Polyketide sugar unit biosynthesis",-0.000535642814248609,0.393,0.000535642814248609,0.313
"Acarbose and validamycin biosynthesis",-0.000535642814248609,0.393,0.000535642814248609,0.313
"Basal cell carcinoma",0.00020120145731187,0.57,0.00020120145731187,0.035
"Histamine H2/H3 receptor agonists/antagonists",0.000621941376295806,0.588,0.000621941376295806,0.087
"Lipoarabinomannan (LAM) biosynthesis",-0.00236351352286382,0.39,0.00406106253841883,0.384
"Phototransduction",0.0998581093216587,1,0.103444615134188,1
"Systemic lupus erythematosus",0.00565884831546387,1,0.00565884831546387,1
"Mucin type O-glycan biosynthesis",-0.000286854210981324,0.495,0.000286854210981324,0.068
"Glycosphingolipid biosynthesis - lacto and neolacto series",-0.000685935780048147,0.399,0.000861583659465075,0.233
"Biosynthesis of siderophore group nonribosomal peptides",-0.00456253861091799,0.253,0.00456253861091799,0.342
"Biotin metabolism",-0.0218784162493808,0.244,0.0218784162493808,0.472
"Nitrotoluene degradation",8.70583436119077e-05,0.58,0.00118569826657047,0.03
"Fluid shear stress and atherosclerosis",-0.0103757016584574,0.091,0.0103757016584574,0.745
"Axon regeneration",-0.0119380004742404,0.24,0.0119380004742404,0.391
"Mannose type O-glycan biosynthesis",-0.00106620791057173,0.318,0.00106620791057173,0.439
"Oxidative phosphorylation",-0.00772480817732639,0.218,0.00772480817732639,0.511
"Serotonin receptor agonists/antagonists",-0.00275826384373997,0.397,0.00275826384373997,0.302
"Glycosphingolipid biosynthesis - globo and isoglobo series",8.78239397084641e-05,0.615,8.78239397084641e-05,0.105
"Glycosphingolipid biosynthesis - ganglio series",8.78239397084641e-05,0.615,8.78239397084641e-05,0.105
"Phagosome",6.47187382196753e-05,0.635,6.47187382196753e-05,0.177
"Glucocorticoid and mineralocorticoid receptor agonists/antagonists",0.00145349743889042,0.563,0.00153669992592436,0.004
"Degradation of flavonoids",-0.00221101378029463,0.409,0.00221101378029463,0.073
"Monoterpenoid biosynthesis",-0.000242230645015938,0.542,0.000242230645015938,0.06
"Prion disease",0.00016170594320126,0.568,0.00016170594320126,0.026
"Pertussis",-0.00249002524147055,0.364,0.00249002524147055,0.351
"Polycyclic aromatic hydrocarbon degradation",-0.0150973691570953,0.068,0.0150973691570953,0.759
"Rheumatoid arthritis",0.00405116154669336,0.885,0.00405116154669336,0.755
"Atrazine degradation",-0.00840374692750131,0.033,0.00840374692750131,0.916
"Epithelial cell signaling in Helicobacter pylori infection",-0.00840374692750131,0.033,0.00840374692750131,0.916
"Plant hormone signal transduction",-0.000984712952282739,0.325,0.000984712952282739,0.449
"Benzoic acid family",-0.00240082175598604,0.189,0.00240082175598604,0.663
"Indole diterpene alkaloid biosynthesis",0.000161760076397301,0.594,0.000161760076397301,0.054
"Diterpenoid biosynthesis",0.000161760076397301,0.594,0.000161760076397301,0.054
"Plant-pathogen interaction",-0.00724918683576762,0.002,0.00724918683576762,0.98
"Type I diabetes mellitus",-0.00724918683576762,0.002,0.00724918683576762,0.98
"Coronavirus disease - COVID-19",-0.00724918683576762,0.002,0.00724918683576762,0.98
"Allograft rejection",-0.00724918683576762,0.002,0.00724918683576762,0.98
"Graft-versus-host disease",-0.00724918683576762,0.002,0.00724918683576762,0.98
"Autoimmune thyroid disease",-0.000899778373682711,0.498,0.000899778373682711,0.068
